Trade number,Type,Date and time,Signal,Price USD,Size (qty),Size (value),Net PnL USD,Return %,Commission USD,Favorable excursion USD,Favorable excursion %,Adverse excursion USD,Adverse excursion %,Cumulative PnL USD,Cumulative PnL %,Duration (bars)
1,Exit short,2025-09-22 09:20,stop,24880.25,2,99504,-20.2,-0.02,3.2,12.4,0.01,-18.6,-0.02,-20.2,0.00,1
1,Entry short,2025-09-22 09:15,BRK AH s78 k1 h12 NY,24876,2,99504,-20.2,-0.02,3.2,12.4,0.01,-18.6,-0.02,-20.2,0.00,1
2,Exit short,2025-09-24 09:35,stop,24815.25,2,99243,-21.2,-0.02,3.2,0,0.00,-19.6,-0.02,-41.4,-0.01,0
2,Entry short,2025-09-24 09:35,BRK AL s71 k1 h6 NY,24810.75,2,99243,-21.2,-0.02,3.2,0,0.00,-19.6,-0.02,-41.4,-0.01,0
3,Exit long,2025-09-24 10:30,stop,24774.5,2,99117,-22.2,-0.02,3.2,0,0.00,-20.6,-0.02,-63.6,-0.01,0
3,Entry long,2025-09-24 10:30,BRK YL+NL+LOD+PDL s67 k3 h12 NY,24779.25,2,99117,-22.2,-0.02,3.2,0,0.00,-20.6,-0.02,-63.6,-0.01,0
4,Exit long,2025-09-25 10:20,stop,24619.5,2,98512,-37.2,-0.04,3.2,0,0.00,-35.6,-0.04,-100.8,-0.02,0
4,Entry long,2025-09-25 10:20,BRK PDL s54 k1 h12 NY,24628,2,98512,-37.2,-0.04,3.2,0,0.00,-35.6,-0.04,-100.8,-0.02,0
5,Exit short,2025-09-26 09:10,T1,24596.75,2,98532,141.8,0.14,3.2,143.4,0.15,-14.6,-0.01,41,0.01,0
5,Entry short,2025-09-26 09:10,BRK AH s57 k1 h12 NY,24633,2,98532,141.8,0.14,3.2,143.4,0.15,-14.6,-0.01,41,0.01,0
6,Exit short,2025-09-26 09:35,stop,24585.5,2,98318,-27.2,-0.03,3.2,0,0.00,-25.6,-0.03,13.8,0.00,0
6,Entry short,2025-09-26 09:35,BRK AL s57 k1 h6 NY,24579.5,2,98318,-27.2,-0.03,3.2,0,0.00,-25.6,-0.03,13.8,0.00,0
7,Exit short,2025-09-26 09:50,stop,24572.25,2,98257,-35.2,-0.04,3.2,55.4,0.06,-33.6,-0.03,-21.4,0.00,0
7,Entry short,2025-09-26 09:50,REV AH s54 k1 h15 f1 NY,24564.25,2,98257,-35.2,-0.04,3.2,55.4,0.06,-33.6,-0.03,-21.4,0.00,0
8,Exit long,2025-09-30 09:05,stop,24795.5,2,99200,-21.2,-0.02,3.2,4.4,0.00,-19.6,-0.02,-42.6,-0.01,0
8,Entry long,2025-09-30 09:05,REV NL+LOD+PDL+MNL s89 k3 h15 f3 NY,24800,2,99200,-21.2,-0.02,3.2,4.4,0.00,-19.6,-0.02,-42.6,-0.01,0
9,Exit long,2025-09-30 09:15,stop,24764.25,2,99075,-21.2,-0.02,3.2,0,0.00,-19.6,-0.02,-63.8,-0.01,0
9,Entry long,2025-09-30 09:15,REV LL s77 k1 h15 f3 NY,24768.75,2,99075,-21.2,-0.02,3.2,0,0.00,-19.6,-0.02,-63.8,-0.01,0
10,Exit long,2025-10-01 09:05,stop,24817.5,2,99289,-22.2,-0.02,3.2,2.4,0.00,-20.6,-0.02,-86,-0.02,0
10,Entry long,2025-10-01 09:05,REV LH s67 k1 h3 f2 NY,24822.25,2,99289,-22.2,-0.02,3.2,2.4,0.00,-20.6,-0.02,-86,-0.02,0
11,Exit long,2025-10-02 09:05,stop,25068.75,2,100300,-28.2,-0.03,3.2,24.4,0.02,-26.6,-0.03,-114.2,-0.02,0
11,Entry long,2025-10-02 09:05,REV AL s63 k1 h15 f2 NY,25075,2,100300,-28.2,-0.03,3.2,24.4,0.02,-26.6,-0.03,-114.2,-0.02,0
12,Exit short,2025-10-02 09:15,stop,25066.5,2,100240,-29.2,-0.03,3.2,10.4,0.01,-27.6,-0.03,-143.4,-0.03,0
12,Entry short,2025-10-02 09:15,REV AH s77 k1 h15 f1 NY,25060,2,100240,-29.2,-0.03,3.2,10.4,0.01,-27.6,-0.03,-143.4,-0.03,0
13,Exit short,2025-10-03 12:55,stop,24983,2,99900,-35.2,-0.04,3.2,0,0.00,-33.6,-0.03,-178.6,-0.04,0
13,Entry short,2025-10-03 12:55,BRK MNH s70 k1 h12 NY,24975,2,99900,-35.2,-0.04,3.2,0,0.00,-33.6,-0.03,-178.6,-0.04,0
14,Exit long,2025-10-03 13:45,stop,24986.25,2,99975,-33.2,-0.03,3.2,202.4,0.20,-31.6,-0.03,-211.8,-0.04,5
14,Entry long,2025-10-03 13:20,BRK PDL s60 k1 h12 NY,24993.75,2,99975,-33.2,-0.03,3.2,202.4,0.20,-31.6,-0.03,-211.8,-0.04,5
15,Exit long,2025-10-06 11:00,stop,25192.5,2,100788,-21.2,-0.02,3.2,0,0.00,-19.6,-0.02,-233,-0.05,0
15,Entry long,2025-10-06 11:00,BRK PDH+PWH s76 k2 h6 NY,25197,2,100788,-21.2,-0.02,3.2,0,0.00,-19.6,-0.02,-233,-0.05,0
16,Exit long,2025-10-06 12:05,stop,25193,2,100788,-19.2,-0.02,3.2,3.4,0.00,-17.6,-0.02,-252.2,-0.05,1
16,Entry long,2025-10-06 12:00,BRK PDH+PWH s76 k2 h6 NY,25197,2,100788,-19.2,-0.02,3.2,3.4,0.00,-17.6,-0.02,-252.2,-0.05,1
17,Exit short,2025-10-07 09:05,stop,25223.75,2,100877,-21.2,-0.02,3.2,17.4,0.02,-19.6,-0.02,-273.4,-0.05,0
17,Entry short,2025-10-07 09:05,REV PDH+MNH s54 k2 h15 f2 NY,25219.25,2,100877,-21.2,-0.02,3.2,17.4,0.02,-19.6,-0.02,-273.4,-0.05,0
18,Exit short,2025-10-07 10:30,T1,25053.75,2,100297,78.8,0.08,3.2,80.4,0.08,-25.6,-0.03,-194.6,-0.04,0
18,Entry short,2025-10-07 10:30,REV LL s66 k1 h15 f1 NY,25074.25,2,100297,78.8,0.08,3.2,80.4,0.08,-25.6,-0.03,-194.6,-0.04,0
19,Exit short,2025-10-07 10:35,stop,25063.25,2,100221,-35.2,-0.04,3.2,0,0.00,-33.6,-0.03,-229.8,-0.05,0
19,Entry short,2025-10-07 10:35,REV AL s63 k1 h3 f0 NY,25055.25,2,100221,-35.2,-0.04,3.2,0,0.00,-33.6,-0.03,-229.8,-0.05,0
20,Exit long,2025-10-08 09:20,stop,25191.25,2,100788,-26.2,-0.03,3.2,0,0.00,-24.6,-0.02,-256,-0.05,0
20,Entry long,2025-10-08 09:20,BRK PWH s74 k1 h12 NY,25197,2,100788,-26.2,-0.03,3.2,0,0.00,-24.6,-0.02,-256,-0.05,0
21,Exit short,2025-10-08 13:00,stop,25280,2,101099,-24.2,-0.02,3.2,38.4,0.04,-22.6,-0.02,-280.2,-0.06,1
21,Entry short,2025-10-08 12:55,BRK PDH s67 k1 h6 NY,25274.75,2,101099,-24.2,-0.02,3.2,38.4,0.04,-22.6,-0.02,-280.2,-0.06,1
22,Exit short,2025-10-09 10:50,stop,25258,2,101012,-23.2,-0.02,3.2,0,0.00,-21.6,-0.02,-303.4,-0.06,0
22,Entry short,2025-10-09 10:50,BRK MNH s62 k1 h6 NY,25253,2,101012,-23.2,-0.02,3.2,0,0.00,-21.6,-0.02,-303.4,-0.06,0
23,Exit short,2025-10-10 09:20,stop,25327.5,2,101289,-24.2,-0.02,3.2,1.4,0.00,-22.6,-0.02,-327.6,-0.07,0
23,Entry short,2025-10-10 09:20,REV LH+AH s72 k2 h3 f0 NY,25322.25,2,101289,-24.2,-0.02,3.2,1.4,0.00,-22.6,-0.02,-327.6,-0.07,0
24,Exit long,2025-10-10 09:25,stop,25334,2,101354,-21.2,-0.02,3.2,0,0.00,-19.6,-0.02,-348.8,-0.07,0
24,Entry long,2025-10-10 09:25,REV AL s61 k1 h15 f1 NY,25338.5,2,101354,-21.2,-0.02,3.2,0,0.00,-19.6,-0.02,-348.8,-0.07,0
25,Exit short,2025-10-13 14:35,stop,24925.5,2,99656,-49.2,-0.05,3.2,22.4,0.02,-47.6,-0.05,-398,-0.08,1
25,Entry short,2025-10-13 14:30,REV LH s82 k1 h15 f2 NY,24914,2,99656,-49.2,-0.05,3.2,22.4,0.02,-47.6,-0.05,-398,-0.08,1
26,Exit short,2025-10-13 15:55,flat,24901.75,2,99681,70.8,0.07,3.2,85.4,0.09,-29.6,-0.03,-327.2,-0.07,11
26,Entry short,2025-10-13 15:00,REV LH s82 k1 h15 f1 NY,24920.25,2,99681,70.8,0.07,3.2,85.4,0.09,-29.6,-0.03,-327.2,-0.07,11
27,Exit short,2025-10-15 12:15,stop,24715.5,2,98811,-54.2,-0.05,3.2,155.4,0.16,-52.6,-0.05,-381.4,-0.08,0
27,Entry short,2025-10-15 12:15,REV AH s63 k1 h3 f0 NY,24702.75,2,98811,-54.2,-0.05,3.2,155.4,0.16,-52.6,-0.05,-381.4,-0.08,0
28,Exit long,2025-10-15 12:45,T1,24855.75,2,98962,457.8,0.46,3.2,459.4,0.46,-30.6,-0.03,76.4,0.02,4
28,Entry long,2025-10-15 12:25,BRK AL s52 k1 h6 NY,24740.5,2,98962,457.8,0.46,3.2,459.4,0.46,-30.6,-0.03,76.4,0.02,4
29,Exit long,2025-10-15 15:40,stop,24912.75,2,99700,-52.2,-0.05,3.2,156.4,0.16,-50.6,-0.05,24.2,0.00,8
29,Entry long,2025-10-15 15:00,REV AH s78 k1 h15 f2 NY,24925,2,99700,-52.2,-0.05,3.2,156.4,0.16,-50.6,-0.05,24.2,0.00,8
30,Exit long,2025-10-16 09:05,stop,25054,2,100268,-55.2,-0.06,3.2,83.4,0.08,-53.6,-0.05,-31,-0.01,0
30,Entry long,2025-10-16 09:05,REV LH s82 k1 h15 f0 NY,25067,2,100268,-55.2,-0.06,3.2,83.4,0.08,-53.6,-0.05,-31,-0.01,0
31,Exit long,2025-10-16 09:40,T1,25145.75,2,100507,72.8,0.07,3.2,74.4,0.07,-13.6,-0.01,41.8,0.01,0
31,Entry long,2025-10-16 09:40,REV LH s82 k1 h15 f0 NY,25126.75,2,100507,72.8,0.07,3.2,74.4,0.07,-13.6,-0.01,41.8,0.01,0
32,Exit long,2025-10-17 10:45,T1,24835.75,2,99007,332.8,0.34,3.2,334.4,0.34,-19.6,-0.02,374.6,0.07,1
32,Entry long,2025-10-17 10:40,REV AL s51 k1 h15 f0 NY,24751.75,2,99007,332.8,0.34,3.2,334.4,0.34,-19.6,-0.02,374.6,0.07,1
33,Exit long,2025-10-17 12:55,stop,24925.25,2,99753,-55.2,-0.06,3.2,33.4,0.03,-53.6,-0.05,319.4,0.06,0
33,Entry long,2025-10-17 12:55,REV AH s67 k1 h15 f1 NY,24938.25,2,99753,-55.2,-0.06,3.2,33.4,0.03,-53.6,-0.05,319.4,0.06,0
34,Exit short,2025-10-21 12:00,T1,25252.75,2,101141,126.8,0.13,3.2,128.4,0.13,-19.6,-0.02,446.2,0.09,0
34,Entry short,2025-10-21 12:00,REV NH+PDH+MNH s70 k3 h15 f0 NY,25285.25,2,101141,126.8,0.13,3.2,128.4,0.13,-19.6,-0.02,446.2,0.09,0
35,Exit short,2025-10-21 12:05,stop,25283,2,101076,-59.2,-0.06,3.2,37.4,0.04,-57.6,-0.06,387,0.08,0
35,Entry short,2025-10-21 12:05,REV LH s67 k1 h3 f0 NY,25269,2,101076,-59.2,-0.06,3.2,37.4,0.04,-57.6,-0.06,387,0.08,0
36,Exit long,2025-10-21 12:15,stop,25275.25,2,101152,-54.2,-0.05,3.2,85.4,0.08,-52.6,-0.05,332.8,0.07,1
36,Entry long,2025-10-21 12:10,REV LL s78 k1 h15 f1 NY,25288,2,101152,-54.2,-0.05,3.2,85.4,0.08,-52.6,-0.05,332.8,0.07,1
37,Exit long,2025-10-22 09:20,stop,25203.5,2,100864,-53.2,-0.05,3.2,0,0.00,-51.6,-0.05,279.6,0.06,0
37,Entry long,2025-10-22 09:20,BRK AL s71 k1 h12 NY,25216,2,100864,-53.2,-0.05,3.2,0,0.00,-51.6,-0.05,279.6,0.06,0
38,Exit short,2025-10-22 09:35,stop,25130.5,2,100472,-53.2,-0.05,3.2,0,0.00,-51.6,-0.05,226.4,0.05,0
38,Entry short,2025-10-22 09:35,REV PDL s74 k1 h15 f0 NY,25118,2,100472,-53.2,-0.05,3.2,0,0.00,-51.6,-0.05,226.4,0.05,0
39,Exit short,2025-10-23 09:45,stop,25192.5,2,100719,-54.2,-0.05,3.2,0,0.00,-52.6,-0.05,172.2,0.03,0
39,Entry short,2025-10-23 09:45,BRK PWH s71 k1 h6 NY,25179.75,2,100719,-54.2,-0.05,3.2,0,0.00,-52.6,-0.05,172.2,0.03,0
40,Exit long,2025-10-28 09:05,stop,26056,2,104276,-55.2,-0.05,3.2,30.4,0.03,-53.6,-0.05,117,0.02,0
40,Entry long,2025-10-28 09:05,REV PDH+MNH+NL s78 k3 h15 f1 NY,26069,2,104276,-55.2,-0.05,3.2,30.4,0.03,-53.6,-0.05,117,0.02,0
41,Exit long,2025-10-28 10:40,stop,26038.25,2,104207,-57.2,-0.05,3.2,1.4,0.00,-55.6,-0.05,59.8,0.01,0
41,Entry long,2025-10-28 10:40,REV PDH+MNH s68 k2 h15 f0 NY,26051.75,2,104207,-57.2,-0.05,3.2,1.4,0.00,-55.6,-0.05,59.8,0.01,0
42,Exit short,2025-10-29 11:20,stop,26244.5,2,104928,-53.2,-0.05,3.2,24.4,0.02,-51.6,-0.05,6.6,0.00,1
42,Entry short,2025-10-29 11:15,BRK PDH s67 k1 h6 NY,26232,2,104928,-53.2,-0.05,3.2,24.4,0.02,-51.6,-0.05,6.6,0.00,1
43,Exit short,2025-10-29 13:05,stop,26251.75,2,104955,-55.2,-0.05,3.2,0,0.00,-53.6,-0.05,-48.6,-0.01,0
43,Entry short,2025-10-29 13:05,REV AH+LL s87 k2 h15 f1 NY,26238.75,2,104955,-55.2,-0.05,3.2,0,0.00,-53.6,-0.05,-48.6,-0.01,0
44,Exit long,2025-10-30 09:40,T1,26047.5,2,104104,82.8,0.08,3.2,84.4,0.08,-42.6,-0.04,34.2,0.01,1
44,Entry long,2025-10-30 09:35,BRK MNH s56 k1 h12 NY,26026,2,104104,82.8,0.08,3.2,84.4,0.08,-42.6,-0.04,34.2,0.01,1
45,Exit long,2025-10-30 09:50,stop,26035.25,2,104190,-52.2,-0.05,3.2,58.4,0.06,-50.6,-0.05,-18,0.00,1
45,Entry long,2025-10-30 09:45,BRK PDL s56 k1 h6 NY,26047.5,2,104190,-52.2,-0.05,3.2,58.4,0.06,-50.6,-0.05,-18,0.00,1
46,Exit short,2025-10-30 10:00,stop,26038.25,2,104104,-52.2,-0.05,3.2,39.4,0.04,-50.6,-0.05,-70.2,-0.01,1
46,Entry short,2025-10-30 09:55,BRK MNH s56 k1 h12 NY,26026,2,104104,-52.2,-0.05,3.2,39.4,0.04,-50.6,-0.05,-70.2,-0.01,1
47,Exit short,2025-10-31 11:40,T1,26007.5,2,104104,70.8,0.07,3.2,72.4,0.07,-44.6,-0.04,0.6,0.00,2
47,Entry short,2025-10-31 11:30,BRK MNH s56 k1 h12 NY,26026,2,104104,70.8,0.07,3.2,72.4,0.07,-44.6,-0.04,0.6,0.00,2
48,Exit short,2025-11-03 09:25,T1,26082,2,104438,106.8,0.10,3.2,108.4,0.10,-11.6,-0.01,107.4,0.02,1
48,Entry short,2025-11-03 09:20,REV LH s60 k1 h15 f3 NY,26109.5,2,104438,106.8,0.10,3.2,108.4,0.10,-11.6,-0.01,107.4,0.02,1
49,Exit long,2025-11-03 09:45,stop,26078.25,2,104366,-56.2,-0.05,3.2,37.4,0.04,-54.6,-0.05,51.2,0.01,0
49,Entry long,2025-11-03 09:45,REV MNL+LOD+NL+LL s96 k3 h15 f0 NY,26091.5,2,104366,-56.2,-0.05,3.2,37.4,0.04,-54.6,-0.05,51.2,0.01,0
50,Exit short,2025-11-03 11:30,stop,26135.75,2,104492,-54.2,-0.05,3.2,0,0.00,-52.6,-0.05,-3,0.00,0
50,Entry short,2025-11-03 11:30,BRK AH s52 k1 h6 NY,26123,2,104492,-54.2,-0.05,3.2,0,0.00,-52.6,-0.05,-3,0.00,0
51,Exit short,2025-11-04 11:25,stop,25710.75,2,102794,-52.2,-0.05,3.2,2.4,0.00,-50.6,-0.05,-55.2,-0.01,1
51,Entry short,2025-11-04 11:20,BRK PWL s74 k1 h12 NY,25698.5,2,102794,-52.2,-0.05,3.2,2.4,0.00,-50.6,-0.05,-55.2,-0.01,1
52,Exit short,2025-11-04 13:35,T1,25603,2,102587,171.8,0.17,3.2,173.4,0.17,-10.6,-0.01,116.6,0.02,0
52,Entry short,2025-11-04 13:35,REV LL s78 k1 h15 f2 NY,25646.75,2,102587,171.8,0.17,3.2,173.4,0.17,-10.6,-0.01,116.6,0.02,0
53,Exit short,2025-11-05 10:20,stop,25711.25,2,102794,-54.2,-0.05,3.2,0,0.00,-52.6,-0.05,62.4,0.01,0
53,Entry short,2025-11-05 10:20,BRK PWL s67 k1 h6 NY,25698.5,2,102794,-54.2,-0.05,3.2,0,0.00,-52.6,-0.05,62.4,0.01,0
54,Exit short,2025-11-06 10:55,T1,25241.75,2,101131,160.8,0.16,3.2,162.4,0.16,-9.6,-0.01,223.2,0.04,1
54,Entry short,2025-11-06 10:50,BRK PDL s63 k1 h12 NY,25282.75,2,101131,160.8,0.16,3.2,162.4,0.16,-9.6,-0.01,223.2,0.04,1
55,Exit short,2025-11-06 12:20,stop,25296,2,101131,-56.2,-0.06,3.2,0,0.00,-54.6,-0.05,167,0.03,0
55,Entry short,2025-11-06 12:20,BRK PDL s63 k1 h12 NY,25282.75,2,101131,-56.2,-0.06,3.2,0,0.00,-54.6,-0.05,167,0.03,0
56,Exit short,2025-11-06 15:35,stop,25296,2,101131,-56.2,-0.06,3.2,224.4,0.22,-54.6,-0.05,110.8,0.02,9
56,Entry short,2025-11-06 14:50,BRK PDL s56 k1 h6 NY,25282.75,2,101131,-56.2,-0.06,3.2,224.4,0.22,-54.6,-0.05,110.8,0.02,9
57,Exit short,2025-11-11 09:20,stop,25556,2,102163,-64.2,-0.06,3.2,29.4,0.03,-62.6,-0.06,46.6,0.01,0
57,Entry short,2025-11-11 09:20,REV LL s63 k1 h3 f1 NY,25540.75,2,102163,-64.2,-0.06,3.2,29.4,0.03,-62.6,-0.06,46.6,0.01,0
58,Exit short,2025-11-11 14:50,stop,25674.5,2,102637,-64.2,-0.06,3.2,64.4,0.06,-62.6,-0.06,-17.6,0.00,5
58,Entry short,2025-11-11 14:25,REV AL+LH s60 k2 h15 f0 NY,25659.25,2,102637,-64.2,-0.06,3.2,64.4,0.06,-62.6,-0.06,-17.6,0.00,5
59,Exit short,2025-11-18 09:30,stop,24561,2,98181,-66.2,-0.07,3.2,0,0.00,-64.6,-0.07,-83.8,-0.02,0
59,Entry short,2025-11-18 09:30,REV LL+AL s76 k2 h15 f1 NY,24545.25,2,98181,-66.2,-0.07,3.2,0,0.00,-64.6,-0.07,-83.8,-0.02,0
60,Exit long,2025-11-18 11:10,stop,24610.75,2,98504,-64.2,-0.07,3.2,267.4,0.27,-62.6,-0.06,-148,-0.03,5
60,Entry long,2025-11-18 10:45,BRK PWL s60 k1 h6 NY,24626,2,98504,-64.2,-0.07,3.2,267.4,0.27,-62.6,-0.06,-148,-0.03,5
61,Exit long,2025-11-19 10:30,stop,24691.75,2,98831,-67.2,-0.07,3.2,65.4,0.07,-65.6,-0.07,-215.2,-0.04,0
61,Entry long,2025-11-19 10:30,REV LH s55 k1 h15 f0 NY,24707.75,2,98831,-67.2,-0.07,3.2,65.4,0.07,-65.6,-0.07,-215.2,-0.04,0
62,Exit short,2025-11-19 11:40,stop,24641.5,2,98504,-65.2,-0.07,3.2,0,0.00,-63.6,-0.06,-280.4,-0.06,0
62,Entry short,2025-11-19 11:40,BRK PWL s63 k1 h12 NY,24626,2,98504,-65.2,-0.07,3.2,0,0.00,-63.6,-0.06,-280.4,-0.06,0
63,Exit short,2025-11-20 10:10,T1,25046.5,2,100392,202.8,0.20,3.2,204.4,0.20,-59.6,-0.06,-77.6,-0.02,1
63,Entry short,2025-11-20 10:05,REV AH s60 k1 h3 f0 NY,25098,2,100392,202.8,0.20,3.2,204.4,0.20,-59.6,-0.06,-77.6,-0.02,1
64,Exit short,2025-11-20 11:00,stop,24641.5,2,98504,-65.2,-0.07,3.2,0,0.00,-63.6,-0.06,-142.8,-0.03,0
64,Entry short,2025-11-20 11:00,BRK PWL s60 k1 h6 NY,24626,2,98504,-65.2,-0.07,3.2,0,0.00,-63.6,-0.06,-142.8,-0.03,0
65,Exit short,2025-11-20 11:20,stop,24462,2,97786,-65.2,-0.07,3.2,0,0.00,-63.6,-0.07,-208,-0.04,0
65,Entry short,2025-11-20 11:20,BRK PDL s63 k1 h6 NY,24446.5,2,97786,-65.2,-0.07,3.2,0,0.00,-63.6,-0.07,-208,-0.04,0
66,Exit long,2025-11-21 09:10,stop,24142.75,2,96637,-69.2,-0.07,3.2,0,0.00,-67.6,-0.07,-277.2,-0.06,0
66,Entry long,2025-11-21 09:10,REV AL s50 k1 h15 f4 NY,24159.25,2,96637,-69.2,-0.07,3.2,0,0.00,-67.6,-0.07,-277.2,-0.06,0
67,Exit short,2025-11-21 09:20,T1,24097.5,2,96631,237.8,0.25,3.2,239.4,0.25,-38.6,-0.04,-39.4,-0.01,0
67,Entry short,2025-11-21 09:20,BRK PML s74 k1 h12 NY,24157.75,2,96631,237.8,0.25,3.2,239.4,0.25,-38.6,-0.04,-39.4,-0.01,0
68,Exit short,2025-11-21 09:30,T1,24030.75,2,96279,152.8,0.16,3.2,154.4,0.16,-66.6,-0.07,113.4,0.02,0
68,Entry short,2025-11-21 09:30,BRK PDL s57 k1 h6 NY,24069.75,2,96279,152.8,0.16,3.2,154.4,0.16,-66.6,-0.07,113.4,0.02,0
69,Exit long,2025-11-21 09:50,stop,24052.75,2,96279,-71.2,-0.07,3.2,0,0.00,-69.6,-0.07,42.2,0.01,0
69,Entry long,2025-11-21 09:50,BRK PDL s57 k1 h6 NY,24069.75,2,96279,-71.2,-0.07,3.2,0,0.00,-69.6,-0.07,42.2,0.01,0
70,Exit short,2025-11-25 09:05,stop,24705.5,2,98750,-75.2,-0.08,3.2,94.4,0.10,-73.6,-0.07,-33,-0.01,0
70,Entry short,2025-11-25 09:05,REV LL s71 k1 h15 f0 NY,24687.5,2,98750,-75.2,-0.08,3.2,94.4,0.10,-73.6,-0.07,-33,-0.01,0
71,Exit long,2025-11-25 13:35,stop,24964,2,99929,-76.2,-0.08,3.2,32.4,0.03,-74.6,-0.07,-109.2,-0.02,2
71,Entry long,2025-11-25 13:25,REV AH s63 k1 h3 f1 NY,24982.25,2,99929,-76.2,-0.08,3.2,32.4,0.03,-74.6,-0.07,-109.2,-0.02,2
72,Exit long,2025-11-26 09:10,stop,25193,2,100844,-75.2,-0.07,3.2,21.4,0.02,-73.6,-0.07,-184.4,-0.04,0
72,Entry long,2025-11-26 09:10,REV NL+PDH+LL s96 k3 h15 f1 NY,25211,2,100844,-75.2,-0.07,3.2,21.4,0.02,-73.6,-0.07,-184.4,-0.04,0
73,Exit short,2025-11-26 09:25,stop,25166,2,100592,-75.2,-0.07,3.2,21.4,0.02,-73.6,-0.07,-259.6,-0.05,0
73,Entry short,2025-11-26 09:25,REV AH s56 k1 h3 f3 NY,25148,2,100592,-75.2,-0.07,3.2,21.4,0.02,-73.6,-0.07,-259.6,-0.05,0
74,Exit long,2025-11-27 17:00,T1,25318,2,101209,59.8,0.06,3.2,61.4,0.06,-47.6,-0.05,-199.8,-0.04,18
74,Entry long,2025-11-27 10:30,REV NL+LOD+LL s87 k2 h15 f1 NY,25302.25,2,101209,59.8,0.06,3.2,61.4,0.06,-47.6,-0.05,-199.8,-0.04,18
75,Exit long,2025-11-28 09:25,stop,25365.25,2,101532,-74.2,-0.07,3.2,86.4,0.09,-72.6,-0.07,-274,-0.05,2
75,Entry long,2025-11-28 09:15,REV PWH+AH s65 k2 h3 f2 NY,25383,2,101532,-74.2,-0.07,3.2,86.4,0.09,-72.6,-0.07,-274,-0.05,2
76,Exit long,2025-11-28 10:05,T1,25421.5,2,101533,149.8,0.15,3.2,151.4,0.15,-56.6,-0.06,-124.2,-0.02,6
76,Entry long,2025-11-28 09:35,REV PWH+AH s79 k2 h15 f1 NY,25383.25,2,101533,149.8,0.15,3.2,151.4,0.15,-56.6,-0.06,-124.2,-0.02,6
77,Exit long,2025-11-28 10:40,stop,25385.25,2,101613,-75.2,-0.07,3.2,65.4,0.06,-73.6,-0.07,-199.4,-0.04,1
77,Entry long,2025-11-28 10:35,REV PWH+AH s79 k2 h15 f1 NY,25403.25,2,101613,-75.2,-0.07,3.2,65.4,0.06,-73.6,-0.07,-199.4,-0.04,1
78,Exit long,2025-12-01 09:10,T1,25385,2,101454,82.8,0.08,3.2,84.4,0.08,-55.6,-0.05,-116.6,-0.02,0
78,Entry long,2025-12-01 09:10,REV LH+AH s79 k2 h15 f1 NY,25363.5,2,101454,82.8,0.08,3.2,84.4,0.08,-55.6,-0.05,-116.6,-0.02,0
79,Exit short,2025-12-01 09:35,stop,25304.5,2,101150,-71.2,-0.07,3.2,83.4,0.08,-69.6,-0.07,-187.8,-0.04,0
79,Entry short,2025-12-01 09:35,REV LH+AH s79 k2 h15 f0 NY,25287.5,2,101150,-71.2,-0.07,3.2,83.4,0.08,-69.6,-0.07,-187.8,-0.04,0
80,Exit long,2025-12-01 09:40,stop,25328,2,101377,-68.2,-0.07,3.2,60.4,0.06,-66.6,-0.07,-256,-0.05,0
80,Entry long,2025-12-01 09:40,REV PDL s50 k1 h15 f1 NY,25344.25,2,101377,-68.2,-0.07,3.2,60.4,0.06,-66.6,-0.07,-256,-0.05,0
81,Exit long,2025-12-02 09:50,T1,25654.25,2,102234,379.8,0.37,3.2,381.4,0.37,-16.6,-0.02,123.8,0.02,2
81,Entry long,2025-12-02 09:40,REV PDH+MNH s62 k2 h3 f1 NY,25558.5,2,102234,379.8,0.37,3.2,381.4,0.37,-16.6,-0.02,123.8,0.02,2
82,Exit short,2025-12-02 10:25,stop,25478.75,2,101847,-71.2,-0.07,3.2,73.4,0.07,-69.6,-0.07,52.6,0.01,0
82,Entry short,2025-12-02 10:25,REV PDH+MNH s62 k2 h3 f0 NY,25461.75,2,101847,-71.2,-0.07,3.2,73.4,0.07,-69.6,-0.07,52.6,0.01,0
83,Exit short,2025-12-02 12:05,stop,25558.25,2,102169,-67.2,-0.07,3.2,38.4,0.04,-65.6,-0.06,-14.6,0.00,1
83,Entry short,2025-12-02 12:00,BRK PDH+MNH s51 k2 h12 NY,25542.25,2,102169,-67.2,-0.07,3.2,38.4,0.04,-65.6,-0.06,-14.6,0.00,1
84,Exit long,2025-12-03 09:15,T1,25542.25,2,102001,164.8,0.16,3.2,166.4,0.16,-10.6,-0.01,150.2,0.03,1
84,Entry long,2025-12-03 09:10,BRK PWH s78 k1 h12 NY,25500.25,2,102001,164.8,0.16,3.2,166.4,0.16,-10.6,-0.01,150.2,0.03,1
85,Exit long,2025-12-04 09:25,stop,25554.75,2,102279,-63.2,-0.06,3.2,108.4,0.11,-61.6,-0.06,87,0.02,1
85,Entry long,2025-12-04 09:20,REV NL+LOD+MNH s73 k2 h15 f1 NY,25569.75,2,102279,-63.2,-0.06,3.2,108.4,0.11,-61.6,-0.06,87,0.02,1
86,Exit long,2025-12-04 09:45,stop,25599,2,102456,-63.2,-0.06,3.2,85.4,0.08,-61.6,-0.06,23.8,0.00,1
86,Entry long,2025-12-04 09:40,BRK AL s54 k1 h6 NY,25614,2,102456,-63.2,-0.06,3.2,85.4,0.08,-61.6,-0.06,23.8,0.00,1
87,Exit short,2025-12-05 10:35,stop,25692,2,102707,-64.2,-0.06,3.2,40.4,0.04,-62.6,-0.06,-40.4,-0.01,0
87,Entry short,2025-12-05 10:35,REV AH s56 k1 h3 f2 NY,25676.75,2,102707,-64.2,-0.06,3.2,40.4,0.04,-62.6,-0.06,-40.4,-0.01,0
88,Exit long,2025-12-05 12:40,stop,25729.5,2,102979,-64.2,-0.06,3.2,53.4,0.05,-62.6,-0.06,-104.6,-0.02,2
88,Entry long,2025-12-05 12:30,REV LL s78 k1 h15 f3 NY,25744.75,2,102979,-64.2,-0.06,3.2,53.4,0.05,-62.6,-0.06,-104.6,-0.02,2
89,Exit long,2025-12-08 09:05,stop,25753.25,2,103073,-63.2,-0.06,3.2,39.4,0.04,-61.6,-0.06,-167.8,-0.03,0
89,Entry long,2025-12-08 09:05,REV AL s50 k1 h15 f0 NY,25768.25,2,103073,-63.2,-0.06,3.2,39.4,0.04,-61.6,-0.06,-167.8,-0.03,0
90,Exit short,2025-12-08 09:15,T1,25722,2,103019,127.8,0.12,3.2,129.4,0.13,-3.6,0.00,-40,-0.01,1
90,Entry short,2025-12-08 09:10,REV LL s78 k1 h15 f1 NY,25754.75,2,103019,127.8,0.12,3.2,129.4,0.13,-3.6,0.00,-40,-0.01,1
91,Exit long,2025-12-08 09:35,stop,25702.25,2,102867,-61.2,-0.06,3.2,23.4,0.02,-59.6,-0.06,-101.2,-0.02,0
91,Entry long,2025-12-08 09:35,REV SR4 s68 k1 h15 f2 NY,25716.75,2,102867,-61.2,-0.06,3.2,23.4,0.02,-59.6,-0.06,-101.2,-0.02,0
92,Exit short,2025-12-09 09:20,stop,25651.5,2,102550,-59.2,-0.06,3.2,52.4,0.05,-57.6,-0.06,-160.4,-0.03,2
92,Entry short,2025-12-09 09:10,REV NH+AL+SR4 s93 k3 h15 f1 NY,25637.5,2,102550,-59.2,-0.06,3.2,52.4,0.05,-57.6,-0.06,-160.4,-0.03,2
93,Exit short,2025-12-10 10:50,stop,25653.25,2,102560,-56.2,-0.05,3.2,0,0.00,-54.6,-0.05,-216.6,-0.04,0
93,Entry short,2025-12-10 10:50,BRK AL s57 k1 h6 NY,25640,2,102560,-56.2,-0.05,3.2,0,0.00,-54.6,-0.05,-216.6,-0.04,0
94,Exit short,2025-12-10 13:15,stop,25708,2,102777,-58.2,-0.06,3.2,31.4,0.03,-56.6,-0.06,-274.8,-0.05,0
94,Entry short,2025-12-10 13:15,REV SR4 s74 k1 h15 f0 NY,25694.25,2,102777,-58.2,-0.06,3.2,31.4,0.03,-56.6,-0.06,-274.8,-0.05,0
95,Exit short,2025-12-11 10:00,stop,25541.25,2,102113,-55.2,-0.05,3.2,81.4,0.08,-53.6,-0.05,-330,-0.07,1
95,Entry short,2025-12-11 09:55,BRK PDL s54 k1 h12 NY,25528.25,2,102113,-55.2,-0.05,3.2,81.4,0.08,-53.6,-0.05,-330,-0.07,1
96,Exit long,2025-12-11 10:50,stop,25515.25,2,102113,-55.2,-0.05,3.2,0,0.00,-53.6,-0.05,-385.2,-0.08,0
96,Entry long,2025-12-11 10:50,BRK PDL s54 k1 h12 NY,25528.25,2,102113,-55.2,-0.05,3.2,0,0.00,-53.6,-0.05,-385.2,-0.08,0
97,Exit short,2025-12-12 09:20,T1,25397.75,2,101942,347.8,0.34,3.2,349.4,0.34,-52.6,-0.05,-37.4,-0.01,3
97,Entry short,2025-12-12 09:05,REV LL+MNL s79 k2 h15 f0 NY,25485.5,2,101942,347.8,0.34,3.2,349.4,0.34,-52.6,-0.05,-37.4,-0.01,3
98,Exit short,2025-12-12 10:00,stop,25253.75,2,100959,-59.2,-0.06,3.2,0,0.00,-57.6,-0.06,-96.6,-0.02,0
98,Entry short,2025-12-12 10:00,REV SR3 s78 k1 h15 f0 NY,25239.75,2,100959,-59.2,-0.06,3.2,0,0.00,-57.6,-0.06,-96.6,-0.02,0
99,Exit short,2025-12-12 10:05,stop,25206.75,2,100774,-56.2,-0.06,3.2,0,0.00,-54.6,-0.05,-152.8,-0.03,0
99,Entry short,2025-12-12 10:05,BRK PWL s67 k1 h12 NY,25193.5,2,100774,-56.2,-0.06,3.2,0,0.00,-54.6,-0.05,-152.8,-0.03,0
100,Exit short,2025-12-15 09:05,stop,25234.75,2,100884,-58.2,-0.06,3.2,0,0.00,-56.6,-0.06,-211,-0.04,0
100,Entry short,2025-12-15 09:05,BRK AL s67 k1 h12 NY,25221,2,100884,-58.2,-0.06,3.2,0,0.00,-56.6,-0.06,-211,-0.04,0
101,Exit short,2025-12-15 09:15,T1,25160.5,2,100691,45.8,0.05,3.2,47.4,0.05,-12.6,-0.01,-165.2,-0.03,0
101,Entry short,2025-12-15 09:15,REV LL s54 k1 h3 f1 NY,25172.75,2,100691,45.8,0.05,3.2,47.4,0.05,-12.6,-0.01,-165.2,-0.03,0
102,Exit short,2025-12-15 09:30,stop,25131.5,2,100471,-58.2,-0.06,3.2,0,0.00,-56.6,-0.06,-223.4,-0.04,0
102,Entry short,2025-12-15 09:30,BRK PDL+PWL s70 k2 h12 NY,25117.75,2,100471,-58.2,-0.06,3.2,0,0.00,-56.6,-0.06,-223.4,-0.04,0
103,Exit short,2025-12-16 09:20,T1,25262.75,2,101298,243.8,0.24,3.2,245.4,0.24,-40.6,-0.04,20.4,0.00,1
103,Entry short,2025-12-16 09:15,REV NH+HOD+PDH+MNH s93 k3 h15 f1 NY,25324.5,2,101298,243.8,0.24,3.2,245.4,0.24,-40.6,-0.04,20.4,0.00,1
104,Exit long,2025-12-16 10:35,stop,25218.75,2,100929,-57.2,-0.06,3.2,0,0.00,-55.6,-0.06,-36.8,-0.01,0
104,Entry long,2025-12-16 10:35,BRK LH s50 k1 h12 NY,25232.25,2,100929,-57.2,-0.06,3.2,0,0.00,-55.6,-0.06,-36.8,-0.01,0
105,Exit short,2025-12-16 12:30,stop,25245.75,2,100929,-57.2,-0.06,3.2,145.4,0.14,-55.6,-0.06,-94,-0.02,1
105,Entry short,2025-12-16 12:25,BRK LH s50 k1 h12 NY,25232.25,2,100929,-57.2,-0.06,3.2,145.4,0.14,-55.6,-0.06,-94,-0.02,1
106,Exit long,2025-12-17 10:20,T1,25073.75,2,100138,153.8,0.15,3.2,155.4,0.16,-22.6,-0.02,59.8,0.01,0
106,Entry long,2025-12-17 10:20,BRK MNL s54 k1 h12 NY,25034.5,2,100138,153.8,0.15,3.2,155.4,0.16,-22.6,-0.02,59.8,0.01,0
107,Exit short,2025-12-17 11:15,stop,25048,2,100138,-57.2,-0.06,3.2,191.4,0.19,-55.6,-0.06,2.6,0.00,2
107,Entry short,2025-12-17 11:05,BRK MNL s54 k1 h12 NY,25034.5,2,100138,-57.2,-0.06,3.2,191.4,0.19,-55.6,-0.06,2.6,0.00,2
108,Exit short,2025-12-17 11:35,T1,25034.5,2,100295,153.8,0.15,3.2,155.4,0.15,-46.6,-0.05,156.4,0.03,1
108,Entry short,2025-12-17 11:30,BRK PDL s61 k1 h12 NY,25073.75,2,100295,153.8,0.15,3.2,155.4,0.15,-46.6,-0.05,156.4,0.03,1
109,Exit short,2025-12-22 11:50,stop,25707.5,2,102774,-59.2,-0.06,3.2,33.4,0.03,-57.6,-0.06,97.2,0.02,1
109,Entry short,2025-12-22 11:45,REV AH s50 k1 h3 f2 NY,25693.5,2,102774,-59.2,-0.06,3.2,33.4,0.03,-57.6,-0.06,97.2,0.02,1
110,Exit long,2025-12-22 12:05,stop,25702.25,2,102866,-60.2,-0.06,3.2,57.4,0.06,-58.6,-0.06,37,0.01,2
110,Entry long,2025-12-22 11:55,REV LL s68 k1 h15 f1 NY,25716.5,2,102866,-60.2,-0.06,3.2,57.4,0.06,-58.6,-0.06,37,0.01,2
111,Exit short,2025-12-23 09:15,stop,25662.5,2,102595,-58.2,-0.06,3.2,2.4,0.00,-56.6,-0.06,-21.2,0.00,0
111,Entry short,2025-12-23 09:15,REV LL s54 k1 h3 f0 NY,25648.75,2,102595,-58.2,-0.06,3.2,2.4,0.00,-56.6,-0.06,-21.2,0.00,0
112,Exit long,2025-12-23 15:55,flat,25805.5,2,103213,5.8,0.01,3.2,74.4,0.07,-42.6,-0.04,-15.4,0.00,22
112,Entry long,2025-12-23 14:05,REV PDH+MNH s68 k2 h6 f0 NY,25803.25,2,103213,5.8,0.01,3.2,74.4,0.07,-42.6,-0.04,-15.4,0.00,22
113,Exit long,2025-12-24 09:20,stop,25818.75,2,103328,-56.2,-0.05,3.2,9.4,0.01,-54.6,-0.05,-71.6,-0.01,0
113,Entry long,2025-12-24 09:20,REV PDH+AH s77 k2 h15 f0 NY,25832,2,103328,-56.2,-0.05,3.2,9.4,0.01,-54.6,-0.05,-71.6,-0.01,0
114,Exit short,2025-12-29 09:10,T1,25664.25,2,102736,75.8,0.07,3.2,77.4,0.08,-36.6,-0.04,4.2,0.00,0
114,Entry short,2025-12-29 09:10,REV LL s63 k1 h3 f3 NY,25684,2,102736,75.8,0.07,3.2,77.4,0.08,-36.6,-0.04,4.2,0.00,0
115,Exit long,2025-12-29 15:00,stop,25729.5,2,102967,-52.2,-0.05,3.2,11.4,0.01,-50.6,-0.05,-48,-0.01,0
115,Entry long,2025-12-29 15:00,REV LL s63 k1 h3 f0 NY,25741.75,2,102967,-52.2,-0.05,3.2,11.4,0.01,-50.6,-0.05,-48,-0.01,0
116,Exit long,2025-12-30 09:55,T1,25752.25,2,102923,82.8,0.08,3.2,84.4,0.08,-6.6,-0.01,34.8,0.01,0
116,Entry long,2025-12-30 09:55,REV LL s78 k1 h15 f3 NY,25730.75,2,102923,82.8,0.08,3.2,84.4,0.08,-6.6,-0.01,34.8,0.01,0
117,Exit long,2025-12-30 14:50,stop,25691.25,2,102814,-52.2,-0.05,3.2,55.4,0.05,-50.6,-0.05,-17.4,0.00,6
117,Entry long,2025-12-30 14:20,REV LL s78 k1 h15 f2 NY,25703.5,2,102814,-52.2,-0.05,3.2,55.4,0.05,-50.6,-0.05,-17.4,0.00,6
118,Exit short,2025-12-31 09:20,stop,25590,2,102316,-47.2,-0.05,3.2,11.4,0.01,-45.6,-0.04,-64.6,-0.01,0
118,Entry short,2025-12-31 09:20,REV PWL+LH s62 k2 h15 f1 NY,25579,2,102316,-47.2,-0.05,3.2,11.4,0.01,-45.6,-0.04,-64.6,-0.01,0
119,Exit long,2025-12-31 09:40,stop,25577,2,102352,-47.2,-0.05,3.2,35.4,0.03,-45.6,-0.04,-111.8,-0.02,2
119,Entry long,2025-12-31 09:30,BRK AL s54 k1 h6 NY,25588,2,102352,-47.2,-0.05,3.2,35.4,0.03,-45.6,-0.04,-111.8,-0.02,2
120,Exit short,2026-01-02 09:10,T1,25647.75,2,102796,201.8,0.20,3.2,203.4,0.20,-32.6,-0.03,90,0.02,0
120,Entry short,2026-01-02 09:10,REV SR4 s74 k1 h15 f4 NY,25699,2,102796,201.8,0.20,3.2,203.4,0.20,-32.6,-0.03,90,0.02,0
121,Exit short,2026-01-02 09:30,stop,25521.5,2,102043,-46.2,-0.05,3.2,0,0.00,-44.6,-0.04,43.8,0.01,0
121,Entry short,2026-01-02 09:30,BRK AL s65 k1 h12 NY,25510.75,2,102043,-46.2,-0.05,3.2,0,0.00,-44.6,-0.04,43.8,0.01,0
122,Exit long,2026-01-02 13:50,stop,25415.75,2,101706,-46.2,-0.05,3.2,120.4,0.12,-44.6,-0.04,-2.4,0.00,3
122,Entry long,2026-01-02 13:35,BRK PDL s57 k1 h6 NY,25426.5,2,101706,-46.2,-0.05,3.2,120.4,0.12,-44.6,-0.04,-2.4,0.00,3
123,Exit long,2026-01-05 13:25,stop,25587.5,2,102399,-52.2,-0.05,3.2,102.4,0.10,-50.6,-0.05,-54.6,-0.01,12
123,Entry long,2026-01-05 12:25,REV LH s54 k1 h15 f1 NY,25599.75,2,102399,-52.2,-0.05,3.2,102.4,0.10,-50.6,-0.05,-54.6,-0.01,12
124,Exit long,2026-01-05 13:50,stop,25565.25,2,102308,-50.2,-0.05,3.2,0,0.00,-48.6,-0.05,-104.8,-0.02,0
124,Entry long,2026-01-05 13:50,REV LH s54 k1 h15 f2 NY,25577,2,102308,-50.2,-0.05,3.2,0,0.00,-48.6,-0.05,-104.8,-0.02,0
125,Exit long,2026-01-06 11:05,T1,25708,2,102679,149.8,0.15,3.2,151.4,0.15,-9.6,-0.01,45,0.01,2
125,Entry long,2026-01-06 10:55,BRK LH s50 k1 h6 NY,25669.75,2,102679,149.8,0.15,3.2,151.4,0.15,-9.6,-0.01,45,0.01,2
126,Exit long,2026-01-07 09:15,stop,25845,2,103426,-49.2,-0.05,3.2,55.4,0.05,-47.6,-0.05,-4.2,0.00,1
126,Entry long,2026-01-07 09:10,REV AH+PDH s77 k2 h15 f1 NY,25856.5,2,103426,-49.2,-0.05,3.2,55.4,0.05,-47.6,-0.05,-4.2,0.00,1
127,Exit long,2026-01-07 09:30,T1,25880,2,103351,165.8,0.16,3.2,167.4,0.16,-1.6,0.00,161.6,0.03,1
127,Entry long,2026-01-07 09:25,BRK AH+PDH s51 k2 h12 NY,25837.75,2,103351,165.8,0.16,3.2,167.4,0.16,-1.6,0.00,161.6,0.03,1
128,Exit long,2026-01-07 09:45,T1,25893.5,2,103421,149.8,0.14,3.2,151.4,0.15,-17.6,-0.02,311.4,0.06,0
128,Entry long,2026-01-07 09:45,REV AH+PDH s77 k2 h15 f2 NY,25855.25,2,103421,149.8,0.14,3.2,151.4,0.15,-17.6,-0.02,311.4,0.06,0
129,Exit short,2026-01-08 09:15,stop,25688.25,2,102709,-47.2,-0.05,3.2,36.4,0.04,-45.6,-0.04,264.2,0.05,0
129,Entry short,2026-01-08 09:15,REV LL s63 k1 h3 f0 NY,25677.25,2,102709,-47.2,-0.05,3.2,36.4,0.04,-45.6,-0.04,264.2,0.05,0
130,Exit short,2026-01-08 09:40,stop,25674.25,2,102646,-54.2,-0.05,3.2,35.4,0.03,-52.6,-0.05,210,0.04,0
130,Entry short,2026-01-08 09:40,REV MNH s68 k1 h15 f0 NY,25661.5,2,102646,-54.2,-0.05,3.2,35.4,0.03,-52.6,-0.05,210,0.04,0
131,Exit short,2026-01-09 09:10,stop,25683.5,2,102691,-46.2,-0.04,3.2,0,0.00,-44.6,-0.04,163.8,0.03,0
131,Entry short,2026-01-09 09:10,BRK SR3 s55 k1 h12 NY,25672.75,2,102691,-46.2,-0.04,3.2,0,0.00,-44.6,-0.04,163.8,0.03,0
132,Exit long,2026-01-09 09:40,stop,25795.5,2,103225,-46.2,-0.04,3.2,0,0.00,-44.6,-0.04,117.6,0.02,0
132,Entry long,2026-01-09 09:40,BRK SR3 s55 k1 h12 NY,25806.25,2,103225,-46.2,-0.04,3.2,0,0.00,-44.6,-0.04,117.6,0.02,0
133,Exit short,2026-01-12 09:35,stop,25902.25,2,103564,-48.2,-0.05,3.2,43.4,0.04,-46.6,-0.04,69.4,0.01,0
133,Entry short,2026-01-12 09:35,REV NH+PMH s84 k2 h15 f1 NY,25891,2,103564,-48.2,-0.05,3.2,43.4,0.04,-46.6,-0.04,69.4,0.01,0
134,Exit long,2026-01-12 10:30,T1,25947.25,2,103740,45.8,0.04,3.2,47.4,0.05,-25.6,-0.02,115.2,0.02,2
134,Entry long,2026-01-12 10:20,BRK PMH s71 k1 h6 NY,25935,2,103740,45.8,0.04,3.2,47.4,0.05,-25.6,-0.02,115.2,0.02,2
135,Exit long,2026-01-13 11:15,stop,25987,2,103992,-47.2,-0.05,3.2,0,0.00,-45.6,-0.04,68,0.01,1
135,Entry long,2026-01-13 11:10,BRK PWH s68 k1 h12 NY,25998,2,103992,-47.2,-0.05,3.2,0,0.00,-45.6,-0.04,68,0.01,1
136,Exit short,2026-01-14 09:05,stop,25567,2,102223,-48.2,-0.05,3.2,26.4,0.03,-46.6,-0.05,19.8,0.00,0
136,Entry short,2026-01-14 09:05,REV MNL s66 k1 h15 f1 NY,25555.75,2,102223,-48.2,-0.05,3.2,26.4,0.03,-46.6,-0.05,19.8,0.00,0
137,Exit short,2026-01-14 09:50,stop,25493.5,2,101927,-50.2,-0.05,3.2,47.4,0.05,-48.6,-0.05,-30.4,-0.01,0
137,Entry short,2026-01-14 09:50,REV MNL s66 k1 h15 f0 NY,25481.75,2,101927,-50.2,-0.05,3.2,47.4,0.05,-48.6,-0.05,-30.4,-0.01,0
138,Exit long,2026-01-15 09:15,stop,25868.5,2,103523,-52.2,-0.05,3.2,62.4,0.06,-50.6,-0.05,-82.6,-0.02,0
138,Entry long,2026-01-15 09:15,REV LH+NL s71 k2 h15 f1 NY,25880.75,2,103523,-52.2,-0.05,3.2,62.4,0.06,-50.6,-0.05,-82.6,-0.02,0
139,Exit short,2026-01-20 09:05,stop,25312,2,101201,-50.2,-0.05,3.2,0,0.00,-48.6,-0.05,-132.8,-0.03,0
139,Entry short,2026-01-20 09:05,REV AL s51 k1 h15 f1 NY,25300.25,2,101201,-50.2,-0.05,3.2,0,0.00,-48.6,-0.05,-132.8,-0.03,0
140,Exit long,2026-01-20 10:45,stop,25349.75,2,101443,-47.2,-0.05,3.2,0,0.00,-45.6,-0.04,-180,-0.04,1
140,Entry long,2026-01-20 10:40,BRK AL s60 k1 h12 NY,25360.75,2,101443,-47.2,-0.05,3.2,0,0.00,-45.6,-0.04,-180,-0.04,1
141,Exit short,2026-01-21 11:10,stop,25217,2,100821,-50.2,-0.05,3.2,0,0.00,-48.6,-0.05,-230.2,-0.05,0
141,Entry short,2026-01-21 11:10,REV MNL s55 k1 h3 f1 NY,25205.25,2,100821,-50.2,-0.05,3.2,0,0.00,-48.6,-0.05,-230.2,-0.05,0
142,Exit short,2026-01-21 11:15,stop,25165.75,2,100617,-49.2,-0.05,3.2,44.4,0.04,-47.6,-0.05,-279.4,-0.06,0
142,Entry short,2026-01-21 11:15,REV AH s59 k1 h3 f0 NY,25154.25,2,100617,-49.2,-0.05,3.2,44.4,0.04,-47.6,-0.05,-279.4,-0.06,0
143,Exit short,2026-01-22 13:00,stop,25685.75,2,102692,-54.2,-0.05,3.2,6.4,0.01,-52.6,-0.05,-333.6,-0.07,0
143,Entry short,2026-01-22 13:00,REV LH s63 k1 h15 f0 NY,25673,2,102692,-54.2,-0.05,3.2,6.4,0.01,-52.6,-0.05,-333.6,-0.07,0
144,Exit short,2026-01-22 14:30,T1,25602.75,2,102613,198.8,0.19,3.2,200.4,0.20,-43.6,-0.04,-134.8,-0.03,6
144,Entry short,2026-01-22 14:00,BRK PDH s65 k1 h6 NY,25653.25,2,102613,198.8,0.19,3.2,200.4,0.20,-43.6,-0.04,-134.8,-0.03,6
145,Exit short,2026-01-23 09:20,stop,25694.25,2,102728,-52.2,-0.05,3.2,40.4,0.04,-50.6,-0.05,-187,-0.04,0
145,Entry short,2026-01-23 09:20,REV AH s70 k1 h15 f1 NY,25682,2,102728,-52.2,-0.05,3.2,40.4,0.04,-50.6,-0.05,-187,-0.04,0
146,Exit short,2026-01-23 12:05,T1,25708,2,102900,64.8,0.06,3.2,66.4,0.06,-1.6,0.00,-122.2,-0.02,1
146,Entry short,2026-01-23 12:00,BRK LH s51 k1 h12 NY,25725,2,102900,64.8,0.06,3.2,66.4,0.06,-1.6,0.00,-122.2,-0.02,1
147,Exit long,2026-01-26 09:35,T1,25873.75,2,103382,109.8,0.11,3.2,111.4,0.11,-33.6,-0.03,-12.4,0.00,2
147,Entry long,2026-01-26 09:25,BRK PDH+PWH s67 k2 h6 NY,25845.5,2,103382,109.8,0.11,3.2,111.4,0.11,-33.6,-0.03,-12.4,0.00,2
148,Exit short,2026-01-26 13:00,stop,25907.5,2,103581,-52.2,-0.05,3.2,38.4,0.04,-50.6,-0.05,-64.6,-0.01,3
148,Entry short,2026-01-26 12:45,REV MNH+NH+HOD+PMH s98 k3 h15 f1 NY,25895.25,2,103581,-52.2,-0.05,3.2,38.4,0.04,-50.6,-0.05,-64.6,-0.01,3
149,Exit short,2026-01-28 09:35,stop,26207.25,2,104780,-52.2,-0.05,3.2,20.4,0.02,-50.6,-0.05,-116.8,-0.02,0
149,Entry short,2026-01-28 09:35,REV LL s79 k1 h15 f1 NY,26195,2,104780,-52.2,-0.05,3.2,20.4,0.02,-50.6,-0.05,-116.8,-0.02,0
150,Exit long,2026-01-28 13:00,T1,26190.25,2,104476,281.8,0.27,3.2,283.4,0.27,-37.6,-0.04,165,0.03,23
150,Entry long,2026-01-28 11:05,BRK PDH s72 k1 h12 NY,26119,2,104476,281.8,0.27,3.2,283.4,0.27,-37.6,-0.04,165,0.03,23
151,Exit short,2026-01-28 14:05,stop,26202.25,2,104761,-51.2,-0.05,3.2,39.4,0.04,-49.6,-0.05,113.8,0.02,1
151,Entry short,2026-01-28 14:00,BRK AL s63 k1 h12 NY,26190.25,2,104761,-51.2,-0.05,3.2,39.4,0.04,-49.6,-0.05,113.8,0.02,1
152,Exit short,2026-01-29 12:35,stop,25857.25,2,103382,-50.2,-0.05,3.2,100.4,0.10,-48.6,-0.05,63.6,0.01,2
152,Entry short,2026-01-29 12:25,BRK PWH s59 k1 h6 NY,25845.5,2,103382,-50.2,-0.05,3.2,100.4,0.10,-48.6,-0.05,63.6,0.01,2
153,Exit long,2026-01-29 13:45,stop,25833.75,2,103382,-50.2,-0.05,3.2,80.4,0.08,-48.6,-0.05,13.4,0.00,3
153,Entry long,2026-01-29 13:30,BRK PWH s66 k1 h12 NY,25845.5,2,103382,-50.2,-0.05,3.2,80.4,0.08,-48.6,-0.05,13.4,0.00,3
154,Exit long,2026-01-30 09:25,stop,25832.75,2,103382,-54.2,-0.05,3.2,0,0.00,-52.6,-0.05,-40.8,-0.01,0
154,Entry long,2026-01-30 09:25,BRK PWH s59 k1 h6 NY,25845.5,2,103382,-54.2,-0.05,3.2,0,0.00,-52.6,-0.05,-40.8,-0.01,0
155,Exit short,2026-01-30 11:20,stop,25748.5,2,102943,-54.2,-0.05,3.2,0,0.00,-52.6,-0.05,-95,-0.02,0
155,Entry short,2026-01-30 11:20,BRK SR3+AL s55 k2 h6 NY,25735.75,2,102943,-54.2,-0.05,3.2,0,0.00,-52.6,-0.05,-95,-0.02,0
156,Exit short,2026-02-03 12:15,stop,25347,2,101333,-58.2,-0.06,3.2,1.4,0.00,-56.6,-0.06,-153.2,-0.03,0
156,Entry short,2026-02-03 12:15,REV PWL s57 k1 h15 f2 NY,25333.25,2,101333,-58.2,-0.06,3.2,1.4,0.00,-56.6,-0.06,-153.2,-0.03,0
157,Exit long,2026-02-04 09:10,stop,25203.75,2,100872,-60.2,-0.06,3.2,0,0.00,-58.6,-0.06,-213.4,-0.04,0
157,Entry long,2026-02-04 09:10,BRK PDL s56 k1 h6 NY,25218,2,100872,-60.2,-0.06,3.2,0,0.00,-58.6,-0.06,-213.4,-0.04,0
158,Exit long,2026-02-04 09:25,stop,25248.25,2,101052,-62.2,-0.06,3.2,0,0.00,-60.6,-0.06,-275.6,-0.06,0
158,Entry long,2026-02-04 09:25,REV MNL s70 k1 h15 f1 NY,25263,2,101052,-62.2,-0.06,3.2,0,0.00,-60.6,-0.06,-275.6,-0.06,0
159,Exit long,2026-02-05 11:00,stop,24769,2,99136,-63.2,-0.06,3.2,0,0.00,-61.6,-0.06,-338.8,-0.07,0
159,Entry long,2026-02-05 11:00,BRK PDL s62 k1 h6 NY,24784,2,99136,-63.2,-0.06,3.2,0,0.00,-61.6,-0.06,-338.8,-0.07,0
160,Exit long,2026-02-05 11:55,stop,24769,2,99136,-63.2,-0.06,3.2,93.4,0.09,-61.6,-0.06,-402,-0.08,1
160,Entry long,2026-02-05 11:50,BRK PDL s70 k1 h12 NY,24784,2,99136,-63.2,-0.06,3.2,93.4,0.09,-61.6,-0.06,-402,-0.08,1
161,Exit short,2026-02-06 11:05,stop,25041.5,2,100104,-65.2,-0.07,3.2,0,0.00,-63.6,-0.06,-467.2,-0.09,1
161,Entry short,2026-02-06 11:00,BRK PML s78 k1 h12 NY,25026,2,100104,-65.2,-0.07,3.2,0,0.00,-63.6,-0.06,-467.2,-0.09,1
162,Exit long,2026-02-06 14:55,stop,25153.75,2,100677,-65.2,-0.06,3.2,0,0.00,-63.6,-0.06,-532.4,-0.11,0
162,Entry long,2026-02-06 14:55,BRK PDH s72 k1 h12 NY,25169.25,2,100677,-65.2,-0.06,3.2,0,0.00,-63.6,-0.06,-532.4,-0.11,0
163,Exit long,2026-02-09 09:10,T1,25213,2,100720,128.8,0.13,3.2,130.4,0.13,-25.6,-0.03,-403.6,-0.08,0
163,Entry long,2026-02-09 09:10,BRK AL s56 k1 h6 NY,25180,2,100720,128.8,0.13,3.2,130.4,0.13,-25.6,-0.03,-403.6,-0.08,0
164,Exit long,2026-02-09 09:20,stop,25205,2,100886,-69.2,-0.07,3.2,0,0.00,-67.6,-0.07,-472.8,-0.09,0
164,Entry long,2026-02-09 09:20,BRK LH+PDH s52 k2 h6 NY,25221.5,2,100886,-69.2,-0.07,3.2,0,0.00,-67.6,-0.07,-472.8,-0.09,0
165,Exit short,2026-02-10 09:35,T1,25405.75,2,101716,89.8,0.09,3.2,91.4,0.09,-40.6,-0.04,-383,-0.08,1
165,Entry short,2026-02-10 09:30,BRK PDH+MNH s54 k2 h12 NY,25429,2,101716,89.8,0.09,3.2,91.4,0.09,-40.6,-0.04,-383,-0.08,1
166,Exit long,2026-02-10 13:30,T1,25306.75,2,101114,109.8,0.11,3.2,111.4,0.11,-17.6,-0.02,-273.2,-0.05,3
166,Entry long,2026-02-10 13:15,BRK AL s63 k1 h12 NY,25278.5,2,101114,109.8,0.11,3.2,111.4,0.11,-17.6,-0.02,-273.2,-0.05,3
167,Exit short,2026-02-11 09:10,T1,25204,2,100942,122.8,0.12,3.2,124.4,0.12,-51.6,-0.05,-150.4,-0.03,0
167,Entry short,2026-02-11 09:10,REV AH s59 k1 h3 f2 NY,25235.5,2,100942,122.8,0.12,3.2,124.4,0.12,-51.6,-0.05,-150.4,-0.03,0
168,Exit short,2026-02-11 09:15,T1,25142,2,100751,179.8,0.18,3.2,181.4,0.18,-30.6,-0.03,29.4,0.01,0
168,Entry short,2026-02-11 09:15,REV LH+AL s57 k2 h3 f0 NY,25187.75,2,100751,179.8,0.18,3.2,181.4,0.18,-30.6,-0.03,29.4,0.01,0
169,Exit long,2026-02-11 10:30,stop,25188.25,2,100816,-66.2,-0.07,3.2,0,0.00,-64.6,-0.06,-36.8,-0.01,1
169,Entry long,2026-02-11 10:25,BRK PDL+SR3+LL s51 k3 h12 NY,25204,2,100816,-66.2,-0.07,3.2,0,0.00,-64.6,-0.06,-36.8,-0.01,1
170,Exit long,2026-02-12 09:20,T1,25242.5,2,100831,135.8,0.13,3.2,137.4,0.14,-56.6,-0.06,99,0.02,1
170,Entry long,2026-02-12 09:15,BRK SR3 s54 k1 h12 NY,25207.75,2,100831,135.8,0.13,3.2,137.4,0.14,-56.6,-0.06,99,0.02,1
171,Exit short,2026-02-12 10:00,T1,25006.5,2,100104,74.8,0.07,3.2,76.4,0.08,-26.6,-0.03,173.8,0.03,0
171,Entry short,2026-02-12 10:00,BRK PML s78 k1 h12 NY,25026,2,100104,74.8,0.07,3.2,76.4,0.08,-26.6,-0.03,173.8,0.03,0
172,Exit long,2026-02-13 09:05,stop,24714,2,98920,-67.2,-0.07,3.2,0,0.00,-65.6,-0.07,106.6,0.02,0
172,Entry long,2026-02-13 09:05,BRK PDL+AL s65 k2 h6 NY,24730,2,98920,-67.2,-0.07,3.2,0,0.00,-65.6,-0.07,106.6,0.02,0
173,Exit short,2026-02-13 09:20,T1,24730,2,99011,87.8,0.09,3.2,89.4,0.09,-3.6,0.00,194.4,0.04,0
173,Entry short,2026-02-13 09:20,REV AH s76 k1 h15 f2 NY,24752.75,2,99011,87.8,0.09,3.2,89.4,0.09,-3.6,0.00,194.4,0.04,0
174,Exit long,2026-02-17 09:20,stop,24563,2,98315,-66.2,-0.07,3.2,0,0.00,-64.6,-0.07,128.2,0.03,0
174,Entry long,2026-02-17 09:20,BRK AL+PDL+PWL s70 k3 h12 NY,24578.75,2,98315,-66.2,-0.07,3.2,0,0.00,-64.6,-0.07,128.2,0.03,0
175,Exit short,2026-02-17 11:55,stop,24686.25,2,98682,-66.2,-0.07,3.2,246.4,0.25,-64.6,-0.07,62,0.01,2
175,Entry short,2026-02-17 11:45,BRK MNL s50 k1 h6 NY,24670.5,2,98682,-66.2,-0.07,3.2,246.4,0.25,-64.6,-0.07,62,0.01,2
176,Exit long,2026-02-18 13:50,stop,24911,2,99708,-67.2,-0.07,3.2,7.4,0.01,-65.6,-0.07,-5.2,0.00,0
176,Entry long,2026-02-18 13:50,REV PDH+MNH s70 k2 h3 f0 NY,24927,2,99708,-67.2,-0.07,3.2,7.4,0.01,-65.6,-0.07,-5.2,0.00,0
177,Exit short,2026-02-18 14:00,stop,24921.75,2,99623,-67.2,-0.07,3.2,174.4,0.18,-65.6,-0.07,-72.4,-0.01,1
177,Entry short,2026-02-18 13:55,REV LH s55 k1 h3 f1 NY,24905.75,2,99623,-67.2,-0.07,3.2,174.4,0.18,-65.6,-0.07,-72.4,-0.01,1
178,Exit short,2026-02-19 09:10,stop,24910,2,99575,-68.2,-0.07,3.2,0,0.00,-66.6,-0.07,-140.6,-0.03,0
178,Entry short,2026-02-19 09:10,REV AL s51 k1 h15 f0 NY,24893.75,2,99575,-68.2,-0.07,3.2,0,0.00,-66.6,-0.07,-140.6,-0.03,0
179,Exit short,2026-02-19 11:50,stop,24812.75,2,99187,-67.2,-0.07,3.2,0,0.00,-65.6,-0.07,-207.8,-0.04,0
179,Entry short,2026-02-19 11:50,REV LL s65 k1 h3 f1 NY,24796.75,2,99187,-67.2,-0.07,3.2,0,0.00,-65.6,-0.07,-207.8,-0.04,0
180,Exit long,2026-02-20 09:10,T1,25026,2,99928,172.8,0.17,3.2,174.4,0.17,-3.6,0.00,-35,-0.01,0
180,Entry long,2026-02-20 09:10,REV LL s65 k1 h3 f2 NY,24982,2,99928,172.8,0.17,3.2,174.4,0.17,-3.6,0.00,-35,-0.01,0
181,Exit long,2026-02-20 09:25,T1,25026,2,100028,72.8,0.07,3.2,74.4,0.07,-3.6,0.00,37.8,0.01,0
181,Entry long,2026-02-20 09:25,REV LL s79 k1 h15 f2 NY,25007,2,100028,72.8,0.07,3.2,74.4,0.07,-3.6,0.00,37.8,0.01,0
182,Exit short,2026-02-23 09:50,T1,24810.75,2,99374,127.8,0.13,3.2,129.4,0.13,-46.6,-0.05,165.6,0.03,2
182,Entry short,2026-02-23 09:40,REV AH s55 k1 h3 f2 NY,24843.5,2,99374,127.8,0.13,3.2,129.4,0.13,-46.6,-0.05,165.6,0.03,2
183,Exit short,2026-02-24 15:55,flat,25017.25,2,100118,45.8,0.05,3.2,101.4,0.10,-35.6,-0.04,211.4,0.04,11
183,Entry short,2026-02-24 15:00,REV PDH+MNH s84 k2 h15 f1 NY,25029.5,2,100118,45.8,0.05,3.2,101.4,0.10,-35.6,-0.04,211.4,0.04,11
184,Exit short,2026-02-26 09:45,stop,25007,2,99969,-62.2,-0.06,3.2,50.4,0.05,-60.6,-0.06,149.2,0.03,1
184,Entry short,2026-02-26 09:40,BRK PDL s70 k1 h12 NY,24992.25,2,99969,-62.2,-0.06,3.2,50.4,0.05,-60.6,-0.06,149.2,0.03,1
185,Exit short,2026-02-26 11:05,stop,25007,2,99969,-62.2,-0.06,3.2,19.4,0.02,-60.6,-0.06,87,0.02,1
185,Entry short,2026-02-26 11:00,BRK PDL s62 k1 h6 NY,24992.25,2,99969,-62.2,-0.06,3.2,19.4,0.02,-60.6,-0.06,87,0.02,1
186,Exit long,2026-02-27 09:05,T1,24954,2,99695,117.8,0.12,3.2,119.4,0.12,-24.6,-0.02,204.8,0.04,0
186,Entry long,2026-02-27 09:05,REV SR4 s55 k1 h3 f3 NY,24923.75,2,99695,117.8,0.12,3.2,119.4,0.12,-24.6,-0.02,204.8,0.04,0
187,Exit short,2026-02-27 09:15,stop,24969.25,2,99815,-65.2,-0.07,3.2,0,0.00,-63.6,-0.06,139.6,0.03,0
187,Entry short,2026-02-27 09:15,REV SR3+AL s78 k2 h15 f0 NY,24953.75,2,99815,-65.2,-0.07,3.2,0,0.00,-63.6,-0.06,139.6,0.03,0
188,Exit long,2026-03-02 09:25,stop,24898.25,2,99657,-67.2,-0.07,3.2,56.4,0.06,-65.6,-0.07,72.4,0.01,0
188,Entry long,2026-03-02 09:25,REV AH s52 k1 h3 f0 NY,24914.25,2,99657,-67.2,-0.07,3.2,56.4,0.06,-65.6,-0.07,72.4,0.01,0
189,Exit long,2026-03-03 09:10,stop,24488.25,2,98018,-68.2,-0.07,3.2,0,0.00,-66.6,-0.07,4.2,0.00,0
189,Entry long,2026-03-03 09:10,REV PDL+MNL s66 k2 h15 f0 NY,24504.5,2,98018,-68.2,-0.07,3.2,0,0.00,-66.6,-0.07,4.2,0.00,0
190,Exit short,2026-03-03 11:40,stop,24682.75,2,98671,-63.2,-0.06,3.2,0,0.00,-61.6,-0.06,-59,-0.01,0
190,Entry short,2026-03-03 11:40,BRK PWL s51 k1 h12 NY,24667.75,2,98671,-63.2,-0.06,3.2,0,0.00,-61.6,-0.06,-59,-0.01,0
191,Exit short,2026-03-05 09:10,stop,25161.25,2,100581,-67.2,-0.07,3.2,61.4,0.06,-65.6,-0.07,-126.2,-0.03,0
191,Entry short,2026-03-05 09:10,REV LH+NH s78 k2 h15 f1 NY,25145.25,2,100581,-67.2,-0.07,3.2,61.4,0.06,-65.6,-0.07,-126.2,-0.03,0
192,Exit long,2026-03-05 09:40,stop,25026.5,2,100178,-75.2,-0.08,3.2,0,0.00,-73.6,-0.07,-201.4,-0.04,0
192,Entry long,2026-03-05 09:40,REV LL s79 k1 h15 f2 NY,25044.5,2,100178,-75.2,-0.08,3.2,0,0.00,-73.6,-0.07,-201.4,-0.04,0
193,Exit long,2026-03-06 09:20,T1,24796.25,2,99096,85.8,0.09,3.2,87.4,0.09,-57.6,-0.06,-115.6,-0.02,1
193,Entry long,2026-03-06 09:15,BRK PDL s65 k1 h6 NY,24774,2,99096,85.8,0.09,3.2,87.4,0.09,-57.6,-0.06,-115.6,-0.02,1
194,Exit short,2026-03-06 09:50,T1,24774,2,99346,246.8,0.25,3.2,248.4,0.25,-44.6,-0.04,131.2,0.03,1
194,Entry short,2026-03-06 09:45,REV LL s79 k1 h15 f0 NY,24836.5,2,99346,246.8,0.25,3.2,248.4,0.25,-44.6,-0.04,131.2,0.03,1
195,Exit short,2026-03-06 14:25,T1,24667.75,2,99096,421.8,0.43,3.2,423.4,0.43,-1.6,0.00,553,0.11,2
195,Entry short,2026-03-06 14:15,BRK PDL s65 k1 h6 NY,24774,2,99096,421.8,0.43,3.2,423.4,0.43,-1.6,0.00,553,0.11,2
196,Exit long,2026-03-09 09:05,stop,24451.75,2,97875,-71.2,-0.07,3.2,27.4,0.03,-69.6,-0.07,481.8,0.10,0
196,Entry long,2026-03-09 09:05,REV LH s70 k1 h15 f1 NY,24468.75,2,97875,-71.2,-0.07,3.2,27.4,0.03,-69.6,-0.07,481.8,0.10,0
197,Exit long,2026-03-09 09:20,stop,24377.5,2,97576,-69.2,-0.07,3.2,0,0.00,-67.6,-0.07,412.6,0.08,0
197,Entry long,2026-03-09 09:20,REV LH s70 k1 h15 f1 NY,24394,2,97576,-69.2,-0.07,3.2,0,0.00,-67.6,-0.07,412.6,0.08,0
198,Exit short,2026-03-10 12:40,stop,25151.25,2,100534,-74.2,-0.07,3.2,40.4,0.04,-72.6,-0.07,338.4,0.07,0
198,Entry short,2026-03-10 12:40,REV NH+HOD+SR3 s78 k2 h15 f0 NY,25133.5,2,100534,-74.2,-0.07,3.2,40.4,0.04,-72.6,-0.07,338.4,0.07,0
199,Exit short,2026-03-10 13:20,T1,24999.25,2,100064,63.8,0.06,3.2,65.4,0.07,-3.6,0.00,402.2,0.08,0
199,Entry short,2026-03-10 13:20,REV LH s61 k1 h3 f0 NY,25016,2,100064,63.8,0.06,3.2,65.4,0.07,-3.6,0.00,402.2,0.08,0
200,Exit short,2026-03-11 09:35,stop,25026,2,100037,-70.2,-0.07,3.2,0,0.00,-68.6,-0.07,332,0.07,0
200,Entry short,2026-03-11 09:35,BRK AL s63 k1 h12 NY,25009.25,2,100037,-70.2,-0.07,3.2,0,0.00,-68.6,-0.07,332,0.07,0
201,Exit long,2026-03-11 10:35,stop,24934.75,2,99810,-74.2,-0.07,3.2,44.4,0.04,-72.6,-0.07,257.8,0.05,0
201,Entry long,2026-03-11 10:35,REV LL s79 k1 h15 f0 NY,24952.5,2,99810,-74.2,-0.07,3.2,44.4,0.04,-72.6,-0.07,257.8,0.05,0
202,Exit long,2026-03-12 09:15,T1,24746.25,2,98785,196.8,0.20,3.2,198.4,0.20,-9.6,-0.01,454.6,0.09,2
202,Entry long,2026-03-12 09:05,BRK AL s56 k1 h6 NY,24696.25,2,98785,196.8,0.20,3.2,198.4,0.20,-9.6,-0.01,454.6,0.09,2
203,Exit short,2026-03-12 09:25,stop,24689.75,2,98691,-71.2,-0.07,3.2,0,0.00,-69.6,-0.07,383.4,0.08,0
203,Entry short,2026-03-12 09:25,REV LL s79 k1 h15 f0 NY,24672.75,2,98691,-71.2,-0.07,3.2,0,0.00,-69.6,-0.07,383.4,0.08,0
204,Exit long,2026-03-13 09:35,stop,24673.25,2,98758,-68.2,-0.07,3.2,4.4,0.00,-66.6,-0.07,315.2,0.06,0
204,Entry long,2026-03-13 09:35,REV AH s63 k1 h15 f1 NY,24689.5,2,98758,-68.2,-0.07,3.2,4.4,0.00,-66.6,-0.07,315.2,0.06,0
205,Exit short,2026-03-13 09:55,T1,24517,2,98185,113.8,0.12,3.2,115.4,0.12,-61.6,-0.06,429,0.09,0
205,Entry short,2026-03-13 09:55,REV LH s61 k1 h3 f1 NY,24546.25,2,98185,113.8,0.12,3.2,115.4,0.12,-61.6,-0.06,429,0.09,0
206,Exit short,2026-03-13 10:10,stop,24533,2,98068,-67.2,-0.07,3.2,0.4,0.00,-65.6,-0.07,361.8,0.07,1
206,Entry short,2026-03-13 10:05,BRK PDL s72 k1 h12 NY,24517,2,98068,-67.2,-0.07,3.2,0.4,0.00,-65.6,-0.07,361.8,0.07,1
207,Exit long,2026-03-18 12:40,stop,24848,2,99458,-69.2,-0.07,3.2,0.4,0.00,-67.6,-0.07,292.6,0.06,0
207,Entry long,2026-03-18 12:40,REV MNH s76 k1 h15 f1 NY,24864.5,2,99458,-69.2,-0.07,3.2,0.4,0.00,-67.6,-0.07,292.6,0.06,0
208,Exit short,2026-03-18 13:55,stop,24775.25,2,99033,-71.2,-0.07,3.2,0,0.00,-69.6,-0.07,221.4,0.04,0
208,Entry short,2026-03-18 13:55,REV MNH s61 k1 h3 f0 NY,24758.25,2,99033,-71.2,-0.07,3.2,0,0.00,-69.6,-0.07,221.4,0.04,0
209,Exit short,2026-03-19 09:10,stop,24501.25,2,97936,-72.2,-0.07,3.2,56.4,0.06,-70.6,-0.07,149.2,0.03,0
209,Entry short,2026-03-19 09:10,REV LL s79 k1 h15 f1 NY,24484,2,97936,-72.2,-0.07,3.2,56.4,0.06,-70.6,-0.07,149.2,0.03,0
210,Exit long,2026-03-19 14:20,stop,24645,2,98649,-72.2,-0.07,3.2,10.4,0.01,-70.6,-0.07,77,0.02,0
210,Entry long,2026-03-19 14:20,REV LH s70 k1 h15 f1 NY,24662.25,2,98649,-72.2,-0.07,3.2,10.4,0.01,-70.6,-0.07,77,0.02,0
211,Exit long,2026-03-20 09:35,stop,24298.75,2,97262,-70.2,-0.07,3.2,44.4,0.05,-68.6,-0.07,6.8,0.00,0
211,Entry long,2026-03-20 09:35,REV MNL s63 k1 h15 f1 NY,24315.5,2,97262,-70.2,-0.07,3.2,44.4,0.05,-68.6,-0.07,6.8,0.00,0
212,Exit long,2026-03-20 10:00,T1,24270,2,96962,114.8,0.12,3.2,116.4,0.12,-10.6,-0.01,121.6,0.02,0
212,Entry long,2026-03-20 10:00,BRK NL+LOD+PML s60 k2 h12 NY,24240.5,2,96962,114.8,0.12,3.2,116.4,0.12,-10.6,-0.01,121.6,0.02,0
213,Exit long,2026-03-20 11:25,stop,24308.25,2,97297,-67.2,-0.07,3.2,137.4,0.14,-65.6,-0.07,54.4,0.01,4
213,Entry long,2026-03-20 11:05,BRK PDL s65 k1 h6 NY,24324.25,2,97297,-67.2,-0.07,3.2,137.4,0.14,-65.6,-0.07,54.4,0.01,4
214,Exit long,2026-03-24 09:10,stop,24223.25,2,96962,-72.2,-0.07,3.2,0,0.00,-70.6,-0.07,-17.8,0.00,0
214,Entry long,2026-03-24 09:10,BRK PML s76 k1 h12 NY,24240.5,2,96962,-72.2,-0.07,3.2,0,0.00,-70.6,-0.07,-17.8,0.00,0
215,Exit long,2026-03-24 09:50,stop,24205.5,2,96891,-72.2,-0.07,3.2,0,0.00,-70.6,-0.07,-90,-0.02,1
215,Entry long,2026-03-24 09:45,BRK AL s51 k1 h6 NY,24222.75,2,96891,-72.2,-0.07,3.2,0,0.00,-70.6,-0.07,-90,-0.02,1
216,Exit long,2026-03-25 09:10,stop,24402.75,2,97680,-72.2,-0.07,3.2,0,0.00,-70.6,-0.07,-162.2,-0.03,0
216,Entry long,2026-03-25 09:10,REV AL+LOD+LL+NL s98 k3 h15 f1 NY,24420,2,97680,-72.2,-0.07,3.2,0,0.00,-70.6,-0.07,-162.2,-0.03,0
217,Exit short,2026-03-25 12:50,stop,24451.5,2,97735,-74.2,-0.08,3.2,0,0.00,-72.6,-0.07,-236.4,-0.05,0
217,Entry short,2026-03-25 12:50,REV AH s56 k1 h15 f2 NY,24433.75,2,97735,-74.2,-0.08,3.2,0,0.00,-72.6,-0.07,-236.4,-0.05,0
218,Exit short,2026-03-26 12:30,T1,23940.25,2,95883,118.8,0.12,3.2,120.4,0.13,-3.6,0.00,-117.6,-0.02,0
218,Entry short,2026-03-26 12:30,BRK PWL s52 k1 h12 NY,23970.75,2,95883,118.8,0.12,3.2,120.4,0.13,-3.6,0.00,-117.6,-0.02,0
219,Exit long,2026-03-30 09:05,T1,23336.75,2,93225,118.8,0.13,3.2,120.4,0.13,-42.6,-0.05,1.2,0.00,0
219,Entry long,2026-03-30 09:05,BRK AH s51 k1 h6 NY,23306.25,2,93225,118.8,0.13,3.2,120.4,0.13,-42.6,-0.05,1.2,0.00,0
220,Exit short,2026-03-30 09:40,stop,23330,2,93250,-73.2,-0.08,3.2,0,0.00,-71.6,-0.08,-72,-0.01,0
220,Entry short,2026-03-30 09:40,REV LL s65 k1 h3 f2 NY,23312.5,2,93250,-73.2,-0.08,3.2,0,0.00,-71.6,-0.08,-72,-0.01,0
221,Exit short,2026-03-30 09:45,stop,23323.5,2,93225,-72.2,-0.08,3.2,0,0.00,-70.6,-0.08,-144.2,-0.03,0
221,Entry short,2026-03-30 09:45,BRK AH s59 k1 h12 NY,23306.25,2,93225,-72.2,-0.08,3.2,0,0.00,-70.6,-0.08,-144.2,-0.03,0
222,Exit short,2026-03-31 09:40,stop,23536.25,2,94076,-72.2,-0.08,3.2,0,0.00,-70.6,-0.08,-216.4,-0.04,0
222,Entry short,2026-03-31 09:40,REV PDH+MNH+NH+HOD s94 k3 h15 f1 NY,23519,2,94076,-72.2,-0.08,3.2,0,0.00,-70.6,-0.08,-216.4,-0.04,0
223,Exit long,2026-03-31 11:35,T1,23580,2,93639,677.8,0.72,3.2,679.4,0.73,-9.6,-0.01,461.4,0.09,19
223,Entry long,2026-03-31 10:00,REV AH s52 k1 h15 f0 NY,23409.75,2,93639,677.8,0.72,3.2,679.4,0.73,-9.6,-0.01,461.4,0.09,19
224,Exit short,2026-04-01 09:25,stop,24195,2,96705,-78.2,-0.08,3.2,18.4,0.02,-76.6,-0.08,383.2,0.08,0
224,Entry short,2026-04-01 09:25,REV LH s65 k1 h15 f2 NY,24176.25,2,96705,-78.2,-0.08,3.2,18.4,0.02,-76.6,-0.08,383.2,0.08,0
225,Exit short,2026-04-01 13:35,stop,24161.5,2,96572,-77.2,-0.08,3.2,71.4,0.07,-75.6,-0.08,306,0.06,0
225,Entry short,2026-04-01 13:35,REV LH s50 k1 h3 f1 NY,24143,2,96572,-77.2,-0.08,3.2,71.4,0.07,-75.6,-0.08,306,0.06,0
226,Exit short,2026-04-02 14:55,stop,24219,2,96802,-77.2,-0.08,3.2,569.4,0.59,-75.6,-0.08,228.8,0.05,62
226,Entry short,2026-04-02 09:45,REV AH s52 k1 h15 f0 NY,24200.5,2,96802,-77.2,-0.08,3.2,569.4,0.59,-75.6,-0.08,228.8,0.05,62
227,Exit short,2026-04-06 09:10,stop,24343.5,2,97306,-71.2,-0.07,3.2,0,0.00,-69.6,-0.07,157.6,0.03,0
227,Entry short,2026-04-06 09:10,BRK AH s59 k1 h12 NY,24326.5,2,97306,-71.2,-0.07,3.2,0,0.00,-69.6,-0.07,157.6,0.03,0
228,Exit short,2026-04-06 09:40,stop,24320,2,97208,-75.2,-0.08,3.2,7.4,0.01,-73.6,-0.08,82.4,0.02,0
228,Entry short,2026-04-06 09:40,REV LH s65 k1 h15 f2 NY,24302,2,97208,-75.2,-0.08,3.2,7.4,0.01,-73.6,-0.08,82.4,0.02,0
229,Exit short,2026-04-07 09:20,stop,24096.5,2,96314,-75.2,-0.08,3.2,336.4,0.35,-73.6,-0.08,7.2,0.00,3
229,Entry short,2026-04-07 09:05,REV LL s61 k1 h3 f1 NY,24078.5,2,96314,-75.2,-0.08,3.2,336.4,0.35,-73.6,-0.08,7.2,0.00,3
230,Exit long,2026-04-07 11:20,T1,24207.25,2,96610,215.8,0.22,3.2,217.4,0.23,-42.6,-0.04,223,0.04,3
230,Entry long,2026-04-07 11:05,BRK AL s54 k1 h6 NY,24152.5,2,96610,215.8,0.22,3.2,217.4,0.23,-42.6,-0.04,223,0.04,3
231,Exit long,2026-04-08 10:05,stop,24989.75,2,100027,-71.2,-0.07,3.2,0,0.00,-69.6,-0.07,151.8,0.03,0
231,Entry long,2026-04-08 10:05,BRK AL s61 k1 h12 NY,25006.75,2,100027,-71.2,-0.07,3.2,0,0.00,-69.6,-0.07,151.8,0.03,0
232,Exit short,2026-04-08 12:35,stop,25100,2,100328,-75.2,-0.07,3.2,10.4,0.01,-73.6,-0.07,76.6,0.02,1
232,Entry short,2026-04-08 12:30,REV AH s52 k1 h15 f0 NY,25082,2,100328,-75.2,-0.07,3.2,10.4,0.01,-73.6,-0.07,76.6,0.02,1
233,Exit short,2026-04-09 09:15,T1,24980.75,2,100047,120.8,0.12,3.2,122.4,0.12,-8.6,-0.01,197.4,0.04,0
233,Entry short,2026-04-09 09:15,REV AH+LH s67 k2 h15 f3 NY,25011.75,2,100047,120.8,0.12,3.2,122.4,0.12,-8.6,-0.01,197.4,0.04,0
234,Exit long,2026-04-10 11:30,stop,25256.25,2,101093,-71.2,-0.07,3.2,77.4,0.08,-69.6,-0.07,126.2,0.03,2
234,Entry long,2026-04-10 11:20,BRK LH+PDH s54 k2 h6 NY,25273.25,2,101093,-71.2,-0.07,3.2,77.4,0.08,-69.6,-0.07,126.2,0.03,2
235,Exit short,2026-04-10 13:15,stop,25264.25,2,100988,-72.2,-0.07,3.2,8.4,0.01,-70.6,-0.07,54,0.01,1
235,Entry short,2026-04-10 13:10,REV LH+PDH s67 k2 h15 f0 NY,25247,2,100988,-72.2,-0.07,3.2,8.4,0.01,-70.6,-0.07,54,0.01,1
236,Exit short,2026-04-16 09:20,stop,26338.5,2,105289,-68.2,-0.06,3.2,44.4,0.04,-66.6,-0.06,-14.2,0.00,0
236,Entry short,2026-04-16 09:20,REV AL s52 k1 h15 f1 NY,26322.25,2,105289,-68.2,-0.06,3.2,44.4,0.04,-66.6,-0.06,-14.2,0.00,0
237,Exit long,2026-04-16 09:50,T1,26410.75,2,105562,77.8,0.07,3.2,79.4,0.08,-3.6,0.00,63.6,0.01,0
237,Entry long,2026-04-16 09:50,BRK AL s59 k1 h12 NY,26390.5,2,105562,77.8,0.07,3.2,79.4,0.08,-3.6,0.00,63.6,0.01,0
238,Exit short,2026-04-16 10:35,stop,26503.5,2,105949,-68.2,-0.06,3.2,0,0.00,-66.6,-0.06,-4.6,0.00,1
238,Entry short,2026-04-16 10:30,BRK LH s54 k1 h12 NY,26487.25,2,105949,-68.2,-0.06,3.2,0,0.00,-66.6,-0.06,-4.6,0.00,1
239,Exit short,2026-04-20 09:50,T1,26689,2,106860,100.8,0.09,3.2,102.4,0.10,-27.6,-0.03,96.2,0.02,1
239,Entry short,2026-04-20 09:45,BRK AH+LH s55 k2 h6 NY,26715,2,106860,100.8,0.09,3.2,102.4,0.10,-27.6,-0.03,96.2,0.02,1
240,Exit long,2026-04-20 10:30,stop,26651.5,2,106672,-69.2,-0.06,3.2,168.4,0.16,-67.6,-0.06,27,0.01,1
240,Entry long,2026-04-20 10:25,REV AL+LL s88 k2 h15 f1 NY,26668,2,106672,-69.2,-0.06,3.2,168.4,0.16,-67.6,-0.06,27,0.01,1
241,Exit short,2026-04-20 12:35,stop,26706.5,2,106759,-70.2,-0.07,3.2,13.4,0.01,-68.6,-0.06,-43.2,-0.01,0
241,Entry short,2026-04-20 12:35,REV AH+LH s66 k2 h15 f1 NY,26689.75,2,106759,-70.2,-0.07,3.2,13.4,0.01,-68.6,-0.06,-43.2,-0.01,0
242,Exit long,2026-04-21 09:15,stop,26846,2,107446,-65.2,-0.06,3.2,62.4,0.06,-63.6,-0.06,-108.4,-0.02,1
242,Entry long,2026-04-21 09:10,REV PDH+MNH s73 k2 h3 f2 NY,26861.5,2,107446,-65.2,-0.06,3.2,62.4,0.06,-63.6,-0.06,-108.4,-0.02,1
243,Exit short,2026-04-21 09:25,stop,26842.75,2,107308,-66.2,-0.06,3.2,8.4,0.01,-64.6,-0.06,-174.6,-0.03,0
243,Entry short,2026-04-21 09:25,REV PWH+NH s71 k2 h15 f1 NY,26827,2,107308,-66.2,-0.06,3.2,8.4,0.01,-64.6,-0.06,-174.6,-0.03,0
244,Exit short,2026-04-23 09:20,stop,27029,2,108056,-63.2,-0.06,3.2,112.4,0.10,-61.6,-0.06,-237.8,-0.05,1
244,Entry short,2026-04-23 09:15,BRK LH s54 k1 h12 NY,27014,2,108056,-63.2,-0.06,3.2,112.4,0.10,-61.6,-0.06,-237.8,-0.05,1
245,Exit short,2026-04-23 12:05,T1,26964,2,108052,192.8,0.18,3.2,194.4,0.18,-13.6,-0.01,-45,-0.01,0
245,Entry short,2026-04-23 12:05,REV AH s55 k1 h15 f1 NY,27013,2,108052,192.8,0.18,3.2,194.4,0.18,-13.6,-0.01,-45,-0.01,0
246,Exit long,2026-04-23 12:35,stop,26868,2,107532,-63.2,-0.06,3.2,0,0.00,-61.6,-0.06,-108.2,-0.02,0
246,Entry long,2026-04-23 12:35,BRK PWH s73 k1 h12 NY,26883,2,107532,-63.2,-0.06,3.2,0,0.00,-61.6,-0.06,-108.2,-0.02,0
247,Exit long,2026-04-24 09:20,stop,27219.5,2,108939,-64.2,-0.06,3.2,112.4,0.10,-62.6,-0.06,-172.4,-0.03,1
247,Entry long,2026-04-24 09:15,REV SR3+LH+PDH s95 k3 h15 f2 NY,27234.75,2,108939,-64.2,-0.06,3.2,112.4,0.10,-62.6,-0.06,-172.4,-0.03,1
248,Exit short,2026-04-27 09:35,stop,27370.25,2,109421,-63.2,-0.06,3.2,11.4,0.01,-61.6,-0.06,-235.6,-0.05,0
248,Entry short,2026-04-27 09:35,REV AL+LL s67 k2 h3 f1 NY,27355.25,2,109421,-63.2,-0.06,3.2,11.4,0.01,-61.6,-0.06,-235.6,-0.05,0
249,Exit long,2026-04-27 14:45,T1,27440,2,109657,99.8,0.09,3.2,101.4,0.09,-27.6,-0.03,-135.8,-0.03,6
249,Entry long,2026-04-27 14:15,REV AL+LL s82 k2 h15 f2 NY,27414.25,2,109657,99.8,0.09,3.2,101.4,0.09,-27.6,-0.03,-135.8,-0.03,6
250,Exit short,2026-04-29 10:55,stop,27233.75,2,108876,-62.2,-0.06,3.2,58.4,0.05,-60.6,-0.06,-198,-0.04,0
250,Entry short,2026-04-29 10:55,REV AH+MNL s77 k2 h15 f2 NY,27219,2,108876,-62.2,-0.06,3.2,58.4,0.05,-60.6,-0.06,-198,-0.04,0
251,Exit long,2026-04-29 13:40,stop,27205.75,2,108881,-61.2,-0.06,3.2,13.4,0.01,-59.6,-0.05,-259.2,-0.05,0
251,Entry long,2026-04-29 13:40,REV AL+LL s82 k2 h15 f2 NY,27220.25,2,108881,-61.2,-0.06,3.2,13.4,0.01,-59.6,-0.05,-259.2,-0.05,0
252,Exit short,2026-04-30 09:10,stop,27241.75,2,108909,-61.2,-0.06,3.2,97.4,0.09,-59.6,-0.05,-320.4,-0.06,0
252,Entry short,2026-04-30 09:10,REV MNL s68 k1 h15 f1 NY,27227.25,2,108909,-61.2,-0.06,3.2,97.4,0.09,-59.6,-0.05,-320.4,-0.06,0
253,Exit long,2026-04-30 09:25,stop,27226.75,2,108965,-61.2,-0.06,3.2,10.4,0.01,-59.6,-0.05,-381.6,-0.08,0
253,Entry long,2026-04-30 09:25,REV LL s73 k1 h15 f1 NY,27241.25,2,108965,-61.2,-0.06,3.2,10.4,0.01,-59.6,-0.05,-381.6,-0.08,0
254,Exit short,2026-05-04 10:25,stop,27740.75,2,110905,-61.2,-0.06,3.2,21.4,0.02,-59.6,-0.05,-442.8,-0.09,0
254,Entry short,2026-05-04 10:25,REV LL s73 k1 h15 f1 NY,27726.25,2,110905,-61.2,-0.06,3.2,21.4,0.02,-59.6,-0.05,-442.8,-0.09,0
255,Exit short,2026-05-07 11:25,stop,28731.75,2,114869,-61.2,-0.05,3.2,0,0.00,-59.6,-0.05,-504,-0.10,0
255,Entry short,2026-05-07 11:25,BRK AH s51 k1 h6 NY,28717.25,2,114869,-61.2,-0.05,3.2,0,0.00,-59.6,-0.05,-504,-0.10,0
256,Exit long,2026-05-07 12:25,stop,28623,2,114550,-61.2,-0.05,3.2,0,0.00,-59.6,-0.05,-565.2,-0.11,0
256,Entry long,2026-05-07 12:25,BRK AL s56 k1 h12 NY,28637.5,2,114550,-61.2,-0.05,3.2,0,0.00,-59.6,-0.05,-565.2,-0.11,0
257,Exit long,2026-05-11 09:25,stop,29368,2,117533,-64.2,-0.05,3.2,0,0.00,-62.6,-0.05,-629.4,-0.13,0
257,Entry long,2026-05-11 09:25,BRK PDH+PWH s63 k2 h6 NY,29383.25,2,117533,-64.2,-0.05,3.2,0,0.00,-62.6,-0.05,-629.4,-0.13,0
258,Exit long,2026-05-11 09:50,T1,29383.25,2,117428,101.8,0.09,3.2,103.4,0.09,-48.6,-0.04,-527.6,-0.11,2
258,Entry long,2026-05-11 09:40,REV NL+AL s79 k2 h15 f1 NY,29357,2,117428,101.8,0.09,3.2,103.4,0.09,-48.6,-0.04,-527.6,-0.11,2
259,Exit long,2026-05-11 10:00,T1,29402.5,2,117533,73.8,0.06,3.2,75.4,0.06,-5.6,0.00,-453.8,-0.09,1
259,Entry long,2026-05-11 09:55,BRK PDH+PWH s71 k2 h12 NY,29383.25,2,117533,73.8,0.06,3.2,75.4,0.06,-5.6,0.00,-453.8,-0.09,1
260,Exit short,2026-05-11 10:25,stop,29417.75,2,117610,-64.2,-0.05,3.2,0,0.00,-62.6,-0.05,-518,-0.10,1
260,Entry short,2026-05-11 10:20,BRK AH s59 k1 h12 NY,29402.5,2,117610,-64.2,-0.05,3.2,0,0.00,-62.6,-0.05,-518,-0.10,1
261,Exit short,2026-05-12 09:05,stop,29125.5,2,116442,-63.2,-0.05,3.2,15.4,0.01,-61.6,-0.05,-581.2,-0.12,0
261,Entry short,2026-05-12 09:05,REV PDL+MNL+AL s77 k3 h3 f2 NY,29110.5,2,116442,-63.2,-0.05,3.2,15.4,0.01,-61.6,-0.05,-581.2,-0.12,0
262,Exit short,2026-05-12 09:35,stop,29100.25,2,116340,-64.2,-0.06,3.2,314.4,0.27,-62.6,-0.05,-645.4,-0.13,1
262,Entry short,2026-05-12 09:30,REV PDL+MNL+AL s91 k3 h15 f2 NY,29085,2,116340,-64.2,-0.06,3.2,314.4,0.27,-62.6,-0.05,-645.4,-0.13,1
263,Exit short,2026-05-13 09:05,stop,29179,2,116653,-66.2,-0.06,3.2,0,0.00,-64.6,-0.06,-711.6,-0.14,0
263,Entry short,2026-05-13 09:05,REV MNL s71 k1 h15 f0 NY,29163.25,2,116653,-66.2,-0.06,3.2,0,0.00,-64.6,-0.06,-711.6,-0.14,0
264,Exit short,2026-05-13 09:50,stop,29280.75,2,117062,-64.2,-0.05,3.2,107.4,0.09,-62.6,-0.05,-775.8,-0.16,2
264,Entry short,2026-05-13 09:40,BRK AH s51 k1 h6 NY,29265.5,2,117062,-64.2,-0.05,3.2,107.4,0.09,-62.6,-0.05,-775.8,-0.16,2
265,Exit long,2026-05-14 09:05,stop,29550,2,118261,-64.2,-0.05,3.2,0,0.00,-62.6,-0.05,-840,-0.17,0
265,Entry long,2026-05-14 09:05,BRK PDH s67 k1 h12 NY,29565.25,2,118261,-64.2,-0.05,3.2,0,0.00,-62.6,-0.05,-840,-0.17,0
266,Exit long,2026-05-14 09:15,T1,29640.25,2,118335,222.8,0.19,3.2,224.4,0.19,-27.6,-0.02,-617.2,-0.12,0
266,Entry long,2026-05-14 09:15,REV LL s77 k1 h15 f0 NY,29583.75,2,118335,222.8,0.19,3.2,224.4,0.19,-27.6,-0.02,-617.2,-0.12,0
267,Exit short,2026-05-14 10:05,stop,29708.75,2,118774,-64.2,-0.05,3.2,68.4,0.06,-62.6,-0.05,-681.4,-0.14,1
267,Entry short,2026-05-14 10:00,BRK AH s59 k1 h12 NY,29693.5,2,118774,-64.2,-0.05,3.2,68.4,0.06,-62.6,-0.05,-681.4,-0.14,1
268,Exit short,2026-05-15 09:30,stop,29307.25,2,117167,-65.2,-0.06,3.2,37.4,0.03,-63.6,-0.05,-746.6,-0.15,0
268,Entry short,2026-05-15 09:30,REV NH+PWH s74 k2 h15 f1 NY,29291.75,2,117167,-65.2,-0.06,3.2,37.4,0.03,-63.6,-0.05,-746.6,-0.15,0
269,Exit short,2026-05-15 13:50,stop,29398.25,2,117533,-63.2,-0.05,3.2,141.4,0.12,-61.6,-0.05,-809.8,-0.16,3
269,Entry short,2026-05-15 13:35,BRK PWH s70 k1 h12 NY,29383.25,2,117533,-63.2,-0.05,3.2,141.4,0.12,-61.6,-0.05,-809.8,-0.16,3
270,Exit long,2026-05-18 09:10,stop,29235.75,2,117004,-64.2,-0.05,3.2,84.4,0.07,-62.6,-0.05,-874,-0.17,0
270,Entry long,2026-05-18 09:10,REV AH s52 k1 h15 f0 NY,29251,2,117004,-64.2,-0.05,3.2,84.4,0.07,-62.6,-0.05,-874,-0.17,0
271,Exit short,2026-05-18 09:40,stop,29104.75,2,116358,-64.2,-0.06,3.2,0,0.00,-62.6,-0.05,-938.2,-0.19,0
271,Entry short,2026-05-18 09:40,BRK PDL s62 k1 h12 NY,29089.5,2,116358,-64.2,-0.06,3.2,0,0.00,-62.6,-0.05,-938.2,-0.19,0
272,Exit short,2026-05-19 09:20,stop,28725.5,2,114839,-66.2,-0.06,3.2,0,0.00,-64.6,-0.06,-1004.4,-0.20,0
272,Entry short,2026-05-19 09:20,REV PDL+MNL s71 k2 h3 f0 NY,28709.75,2,114839,-66.2,-0.06,3.2,0,0.00,-64.6,-0.06,-1004.4,-0.20,0
273,Exit short,2026-05-19 09:35,stop,28716.5,2,114801,-68.2,-0.06,3.2,4.4,0.00,-66.6,-0.06,-1072.6,-0.21,0
273,Entry short,2026-05-19 09:35,REV PWL s57 k1 h15 f1 NY,28700.25,2,114801,-68.2,-0.06,3.2,4.4,0.00,-66.6,-0.06,-1072.6,-0.21,0
274,Exit long,2026-05-20 09:20,stop,29151.75,2,116673,-69.2,-0.06,3.2,0,0.00,-67.6,-0.06,-1141.8,-0.23,0
274,Entry long,2026-05-20 09:20,REV NL+AH s79 k2 h15 f2 NY,29168.25,2,116673,-69.2,-0.06,3.2,0,0.00,-67.6,-0.06,-1141.8,-0.23,0
275,Exit short,2026-05-20 09:25,stop,29158.5,2,116570,-67.2,-0.06,3.2,101.4,0.09,-65.6,-0.06,-1209,-0.24,0
275,Entry short,2026-05-20 09:25,REV SR3 s66 k1 h15 f1 NY,29142.5,2,116570,-67.2,-0.06,3.2,101.4,0.09,-65.6,-0.06,-1209,-0.24,0
276,Exit long,2026-05-21 12:20,T1,29397,2,117526,58.8,0.05,3.2,60.4,0.05,-61.6,-0.05,-1150.2,-0.23,0
276,Entry long,2026-05-21 12:20,BRK AH s51 k1 h6 NY,29381.5,2,117526,58.8,0.05,3.2,60.4,0.05,-61.6,-0.05,-1150.2,-0.23,0
277,Exit long,2026-05-21 12:55,stop,29525.5,2,118171,-72.2,-0.06,3.2,42.4,0.04,-70.6,-0.06,-1222.4,-0.24,0
277,Entry long,2026-05-21 12:55,REV LH+SR5 s62 k2 h3 f1 NY,29542.75,2,118171,-72.2,-0.06,3.2,42.4,0.04,-70.6,-0.06,-1222.4,-0.24,0
278,Exit short,2026-05-21 13:50,stop,29422.5,2,117624,-69.2,-0.06,3.2,0,0.00,-67.6,-0.06,-1291.6,-0.26,0
278,Entry short,2026-05-21 13:50,REV LH+SR5 s62 k2 h3 f1 NY,29406,2,117624,-69.2,-0.06,3.2,0,0.00,-67.6,-0.06,-1291.6,-0.26,0
279,Exit long,2026-05-22 09:15,stop,29549.25,2,118261,-67.2,-0.06,3.2,0,0.00,-65.6,-0.06,-1358.8,-0.27,0
279,Entry long,2026-05-22 09:15,REV LL s77 k1 h15 f1 NY,29565.25,2,118261,-67.2,-0.06,3.2,0,0.00,-65.6,-0.06,-1358.8,-0.27,0
280,Exit short,2026-05-22 09:25,stop,29534.75,2,118073,-69.2,-0.06,3.2,24.4,0.02,-67.6,-0.06,-1428,-0.29,0
280,Entry short,2026-05-22 09:25,REV AH s52 k1 h15 f1 NY,29518.25,2,118073,-69.2,-0.06,3.2,24.4,0.02,-67.6,-0.06,-1428,-0.29,0
281,Exit short,2026-05-25 09:25,T1,29940,2,119860,96.8,0.08,3.2,98.4,0.08,-21.6,-0.02,-1331.2,-0.27,3
281,Entry short,2026-05-25 09:10,REV LH+AH+NH+YH+MNH+HOD s100 k5 h15 f0 NY,29965,2,119860,96.8,0.08,3.2,98.4,0.08,-21.6,-0.02,-1331.2,-0.27,3
282,Exit long,2026-05-27 09:05,stop,30067.5,2,120335,-68.2,-0.06,3.2,27.4,0.02,-66.6,-0.06,-1399.4,-0.28,0
282,Entry long,2026-05-27 09:05,REV MNH s79 k1 h15 f1 NY,30083.75,2,120335,-68.2,-0.06,3.2,27.4,0.02,-66.6,-0.06,-1399.4,-0.28,0
283,Exit long,2026-05-27 09:20,stop,30019.25,2,120140,-66.2,-0.06,3.2,31.4,0.03,-64.6,-0.05,-1465.6,-0.29,0
283,Entry long,2026-05-27 09:20,REV MNH s79 k1 h15 f1 NY,30035,2,120140,-66.2,-0.06,3.2,31.4,0.03,-64.6,-0.05,-1465.6,-0.29,0
284,Exit long,2026-05-28 09:20,stop,30074.5,2,120360,-65.2,-0.05,3.2,0,0.00,-63.6,-0.05,-1530.8,-0.31,0
284,Entry long,2026-05-28 09:20,BRK AH s56 k1 h12 NY,30090,2,120360,-65.2,-0.05,3.2,0,0.00,-63.6,-0.05,-1530.8,-0.31,0
285,Exit long,2026-05-29 09:35,stop,30421.25,2,121751,-69.2,-0.06,3.2,0,0.00,-67.6,-0.06,-1600,-0.32,0
285,Entry long,2026-05-29 09:35,REV PDH+NL+LH s95 k3 h15 f2 NY,30437.75,2,121751,-69.2,-0.06,3.2,0,0.00,-67.6,-0.06,-1600,-0.32,0
286,Exit short,2026-05-29 13:00,stop,30318.25,2,121205,-71.2,-0.06,3.2,39.4,0.03,-69.6,-0.06,-1671.2,-0.33,0
286,Entry short,2026-05-29 13:00,REV PDH+LH s60 k2 h3 f1 NY,30301.25,2,121205,-71.2,-0.06,3.2,39.4,0.03,-69.6,-0.06,-1671.2,-0.33,0
287,Exit long,2026-06-01 12:25,T1,30575,2,122143,153.8,0.13,3.2,155.4,0.13,-4.6,0.00,-1517.4,-0.30,4
287,Entry long,2026-06-01 12:05,BRK PDH+PWH+PMH s85 k3 h12 NY,30535.75,2,122143,153.8,0.13,3.2,155.4,0.13,-4.6,0.00,-1517.4,-0.30,4
288,Exit short,2026-06-01 15:45,T1,30535.75,2,122279,132.8,0.11,3.2,134.4,0.11,-22.6,-0.02,-1384.6,-0.28,10
288,Entry short,2026-06-01 14:55,REV LH+AH s60 k2 h3 f0 NY,30569.75,2,122279,132.8,0.11,3.2,134.4,0.11,-22.6,-0.02,-1384.6,-0.28,10
289,Exit long,2026-06-02 09:10,stop,30597,2,122449,-64.2,-0.05,3.2,0,0.00,-62.6,-0.05,-1448.8,-0.29,0
289,Entry long,2026-06-02 09:10,REV LH s51 k1 h3 f3 NY,30612.25,2,122449,-64.2,-0.05,3.2,0,0.00,-62.6,-0.05,-1448.8,-0.29,0
290,Exit long,2026-06-03 09:10,T1,30652,2,122547,57.8,0.05,3.2,59.4,0.05,-20.6,-0.02,-1391,-0.28,0
290,Entry long,2026-06-03 09:10,REV PWH+PMH s50 k2 h15 f1 NY,30636.75,2,122547,57.8,0.05,3.2,59.4,0.05,-20.6,-0.02,-1391,-0.28,0
291,Exit short,2026-06-03 09:25,stop,30691,2,122705,-62.2,-0.05,3.2,43.4,0.04,-60.6,-0.05,-1453.2,-0.29,0
291,Entry short,2026-06-03 09:25,REV MNH s79 k1 h15 f1 NY,30676.25,2,122705,-62.2,-0.05,3.2,43.4,0.04,-60.6,-0.05,-1453.2,-0.29,0
292,Exit long,2026-06-03 12:15,stop,30520.75,2,122143,-63.2,-0.05,3.2,62.4,0.05,-61.6,-0.05,-1516.4,-0.30,1
292,Entry long,2026-06-03 12:10,BRK PWH+PMH s78 k2 h12 NY,30535.75,2,122143,-63.2,-0.05,3.2,62.4,0.05,-61.6,-0.05,-1516.4,-0.30,1
293,Exit short,2026-06-04 09:05,T1,30163,2,120787,131.8,0.11,3.2,133.4,0.11,-50.6,-0.04,-1384.6,-0.28,0
293,Entry short,2026-06-04 09:05,REV MNL s77 k1 h15 f2 NY,30196.75,2,120787,131.8,0.11,3.2,133.4,0.11,-50.6,-0.04,-1384.6,-0.28,0
294,Exit short,2026-06-04 11:50,stop,30492.5,2,121911,-62.2,-0.05,3.2,47.4,0.04,-60.6,-0.05,-1446.8,-0.29,2
294,Entry short,2026-06-04 11:40,BRK PDL+NH s57 k2 h12 NY,30477.75,2,121911,-62.2,-0.05,3.2,47.4,0.04,-60.6,-0.05,-1446.8,-0.29,2
295,Exit short,2026-06-04 12:50,stop,30545.75,2,122124,-62.2,-0.05,3.2,19.4,0.02,-60.6,-0.05,-1509,-0.30,2
295,Entry short,2026-06-04 12:40,BRK AH+PWH+PMH+NH s60 k4 h6 NY,30531,2,122124,-62.2,-0.05,3.2,19.4,0.02,-60.6,-0.05,-1509,-0.30,2
296,Exit short,2026-06-05 11:00,T1,29637.5,2,118688,134.8,0.11,3.2,136.4,0.11,-42.6,-0.04,-1374.2,-0.27,3
296,Entry short,2026-06-05 10:45,BRK PWL s59 k1 h12 NY,29672,2,118688,134.8,0.11,3.2,136.4,0.11,-42.6,-0.04,-1374.2,-0.27,3
297,Exit short,2026-06-09 09:05,stop,29682.25,2,118655,-77.2,-0.07,3.2,0,0.00,-75.6,-0.06,-1451.4,-0.29,0
297,Entry short,2026-06-09 09:05,REV PDH+MNH s73 k2 h3 f3 NY,29663.75,2,118655,-77.2,-0.07,3.2,0,0.00,-75.6,-0.06,-1451.4,-0.29,0
298,Exit short,2026-06-09 09:10,T1,29593.75,2,118523,144.8,0.12,3.2,146.4,0.12,-7.6,-0.01,-1306.6,-0.26,0
298,Entry short,2026-06-09 09:10,REV LH s51 k1 h3 f4 NY,29630.75,2,118523,144.8,0.12,3.2,146.4,0.12,-7.6,-0.01,-1306.6,-0.26,0
299,Exit short,2026-06-09 11:05,T1,28681.25,2,115114,385.8,0.34,3.2,387.4,0.34,-38.6,-0.03,-920.8,-0.18,1
299,Entry short,2026-06-09 11:00,BRK PWL s59 k1 h12 NY,28778.5,2,115114,385.8,0.34,3.2,387.4,0.34,-38.6,-0.03,-920.8,-0.18,1
300,Exit short,2026-06-09 12:50,stop,28796.75,2,115114,-76.2,-0.07,3.2,0,0.00,-74.6,-0.06,-997,-0.20,0
300,Entry short,2026-06-09 12:50,BRK PWL s59 k1 h12 NY,28778.5,2,115114,-76.2,-0.07,3.2,0,0.00,-74.6,-0.06,-997,-0.20,0
301,Exit long,2026-06-10 09:05,stop,29061.25,2,116325,-83.2,-0.07,3.2,0,0.00,-81.6,-0.07,-1080.2,-0.22,0
301,Entry long,2026-06-10 09:05,REV LH s66 k1 h15 f0 NY,29081.25,2,116325,-83.2,-0.07,3.2,0,0.00,-81.6,-0.07,-1080.2,-0.22,0
302,Exit long,2026-06-10 09:25,stop,29148.75,2,116676,-84.2,-0.07,3.2,0,0.00,-82.6,-0.07,-1164.4,-0.23,0
302,Entry long,2026-06-10 09:25,BRK AH s56 k1 h12 NY,29169,2,116676,-84.2,-0.07,3.2,0,0.00,-82.6,-0.07,-1164.4,-0.23,0
303,Exit long,2026-06-11 09:50,stop,28757.75,2,115114,-86.2,-0.07,3.2,147.4,0.13,-84.6,-0.07,-1250.6,-0.25,1
303,Entry long,2026-06-11 09:45,BRK PWL s59 k1 h12 NY,28778.5,2,115114,-86.2,-0.07,3.2,147.4,0.13,-84.6,-0.07,-1250.6,-0.25,1
304,Exit short,2026-06-11 10:30,stop,28799.25,2,115114,-86.2,-0.07,3.2,0,0.00,-84.6,-0.07,-1336.8,-0.27,0
304,Entry short,2026-06-11 10:30,BRK PWL s51 k1 h6 NY,28778.5,2,115114,-86.2,-0.07,3.2,0,0.00,-84.6,-0.07,-1336.8,-0.27,0
305,Exit long,2026-06-12 09:10,stop,29520.25,2,118169,-91.2,-0.08,3.2,0,0.00,-89.6,-0.08,-1428,-0.29,0
305,Entry long,2026-06-12 09:10,BRK PDH s55 k1 h6 NY,29542.25,2,118169,-91.2,-0.08,3.2,0,0.00,-89.6,-0.08,-1428,-0.29,0
306,Exit short,2026-06-12 09:45,stop,29434,2,117643,-96.2,-0.08,3.2,0,0.00,-94.6,-0.08,-1524.2,-0.30,0
306,Entry short,2026-06-12 09:45,REV LH s62 k1 h15 f2 NY,29410.75,2,117643,-96.2,-0.08,3.2,0,0.00,-94.6,-0.08,-1524.2,-0.30,0
307,Exit long,2026-06-16 09:10,stop,30829.5,2,123413,-98.2,-0.08,3.2,10.4,0.01,-96.6,-0.08,-1622.4,-0.32,0
307,Entry long,2026-06-16 09:10,REV LL s73 k1 h15 f1 NY,30853.25,2,123413,-98.2,-0.08,3.2,10.4,0.01,-96.6,-0.08,-1622.4,-0.32,0
308,Exit short,2026-06-16 09:15,T1,30755.25,2,123265,240.8,0.20,3.2,242.4,0.20,-40.6,-0.03,-1381.6,-0.28,0
308,Entry short,2026-06-16 09:15,REV AH s55 k1 h15 f3 NY,30816.25,2,123265,240.8,0.20,3.2,242.4,0.20,-40.6,-0.03,-1381.6,-0.28,0
309,Exit short,2026-06-16 11:10,stop,30558.5,2,122143,-94.2,-0.08,3.2,88.4,0.07,-92.6,-0.08,-1475.8,-0.30,2
309,Entry short,2026-06-16 11:00,BRK PMH s78 k1 h12 NY,30535.75,2,122143,-94.2,-0.08,3.2,88.4,0.07,-92.6,-0.08,-1475.8,-0.30,2
310,Exit short,2026-06-17 13:15,stop,30296.5,2,121095,-94.2,-0.08,3.2,217.4,0.18,-92.6,-0.08,-1570,-0.31,1
310,Entry short,2026-06-17 13:10,BRK PDL s67 k1 h12 NY,30273.75,2,121095,-94.2,-0.08,3.2,217.4,0.18,-92.6,-0.08,-1570,-0.31,1
311,Exit short,2026-06-17 13:25,stop,30257,2,120935,-96.2,-0.08,3.2,0,0.00,-94.6,-0.08,-1666.2,-0.33,0
311,Entry short,2026-06-17 13:25,REV AL s57 k1 h15 f0 NY,30233.75,2,120935,-96.2,-0.08,3.2,0,0.00,-94.6,-0.08,-1666.2,-0.33,0
312,Exit long,2026-06-18 09:05,T1,30584.25,2,122060,273.8,0.22,3.2,275.4,0.23,-35.6,-0.03,-1392.4,-0.28,0
312,Entry long,2026-06-18 09:05,REV AH s55 k1 h15 f2 NY,30515,2,122060,273.8,0.22,3.2,275.4,0.23,-35.6,-0.03,-1392.4,-0.28,0
313,Exit long,2026-06-18 09:10,stop,30513.25,2,122143,-93.2,-0.08,3.2,0,0.00,-91.6,-0.07,-1485.6,-0.30,0
313,Entry long,2026-06-18 09:10,BRK PMH s71 k1 h6 NY,30535.75,2,122143,-93.2,-0.08,3.2,0,0.00,-91.6,-0.07,-1485.6,-0.30,0
314,Exit long,2026-06-18 09:25,stop,30601.25,2,122500,-98.2,-0.08,3.2,9.4,0.01,-96.6,-0.08,-1583.8,-0.32,0
314,Entry long,2026-06-18 09:25,REV LH s68 k1 h15 f0 NY,30625,2,122500,-98.2,-0.08,3.2,9.4,0.01,-96.6,-0.08,-1583.8,-0.32,0
315,Exit short,2026-06-19 10:05,stop,30701.25,2,122712,-96.2,-0.08,3.2,120.4,0.10,-94.6,-0.08,-1680,-0.34,12
315,Entry short,2026-06-19 09:05,REV AH+NH s63 k2 h6 f1 NY,30678,2,122712,-96.2,-0.08,3.2,120.4,0.10,-94.6,-0.08,-1680,-0.34,12
316,Exit short,2026-06-22 09:25,T1,30783.25,2,123502,365.8,0.30,3.2,367.4,0.30,-12.6,-0.01,-1314.2,-0.26,1
316,Entry short,2026-06-22 09:20,REV MNH+NH+HOD+PWH+YH s89 k4 h6 f1 NY,30875.5,2,123502,365.8,0.30,3.2,367.4,0.30,-12.6,-0.01,-1314.2,-0.26,1
317,Exit short,2026-06-22 09:55,T1,30557,2,122315,83.8,0.07,3.2,85.4,0.07,-3.6,0.00,-1230.4,-0.25,0
317,Entry short,2026-06-22 09:55,REV LL s59 k1 h3 f1 NY,30578.75,2,122315,83.8,0.07,3.2,85.4,0.07,-3.6,0.00,-1230.4,-0.25,0
318,Exit short,2026-06-23 13:15,stop,29754.25,2,118929,-91.2,-0.08,3.2,15.4,0.01,-89.6,-0.08,-1321.6,-0.26,1
318,Entry short,2026-06-23 13:10,REV LL s73 k1 h15 f1 NY,29732.25,2,118929,-91.2,-0.08,3.2,15.4,0.01,-89.6,-0.08,-1321.6,-0.26,1
319,Exit long,2026-06-24 12:05,stop,29591.5,2,118459,-96.2,-0.08,3.2,0,0.00,-94.6,-0.08,-1417.8,-0.28,0
319,Entry long,2026-06-24 12:05,BRK AL s54 k1 h12 NY,29614.75,2,118459,-96.2,-0.08,3.2,0,0.00,-94.6,-0.08,-1417.8,-0.28,0
320,Exit short,2026-06-26 13:00,stop,29568.5,2,118177,-100.2,-0.08,3.2,15.4,0.01,-98.6,-0.08,-1518,-0.30,0
320,Entry short,2026-06-26 13:00,REV SR3 s62 k1 h15 f1 NY,29544.25,2,118177,-100.2,-0.08,3.2,15.4,0.01,-98.6,-0.08,-1518,-0.30,0
321,Exit short,2026-06-26 14:55,T1,29296.5,2,118183,993.8,0.84,3.2,995.4,0.84,-96.6,-0.08,-524.2,-0.10,21
321,Entry short,2026-06-26 13:10,REV LH s66 k1 h15 f2 NY,29545.75,2,118183,993.8,0.84,3.2,995.4,0.84,-96.6,-0.08,-524.2,-0.10,21
322,Exit short,2026-06-29 09:15,stop,29387.25,2,117453,-99.2,-0.08,3.2,0,0.00,-97.6,-0.08,-623.4,-0.12,0
322,Entry short,2026-06-29 09:15,BRK AL s56 k1 h12 NY,29363.25,2,117453,-99.2,-0.08,3.2,0,0.00,-97.6,-0.08,-623.4,-0.12,0
323,Exit short,2026-06-29 09:50,stop,29595.5,2,118283,-102.2,-0.09,3.2,13.4,0.01,-100.6,-0.09,-725.6,-0.15,0
323,Entry short,2026-06-29 09:50,REV LL+SR3 s67 k2 h3 f2 NY,29570.75,2,118283,-102.2,-0.09,3.2,13.4,0.01,-100.6,-0.09,-725.6,-0.15,0
324,Exit short,2026-07-01 09:15,stop,30311,2,121146,-101.2,-0.08,3.2,0,0.00,-99.6,-0.08,-826.8,-0.17,0
324,Entry short,2026-07-01 09:15,REV LL s73 k1 h15 f0 NY,30286.5,2,121146,-101.2,-0.08,3.2,0,0.00,-99.6,-0.08,-826.8,-0.17,0
325,Exit short,2026-07-02 09:25,T1,30069,2,120956,676.8,0.56,3.2,678.4,0.56,-60.6,-0.05,-150,-0.03,3
325,Entry short,2026-07-02 09:10,BRK AH s56 k1 h12 NY,30239,2,120956,676.8,0.56,3.2,678.4,0.56,-60.6,-0.05,-150,-0.03,3
326,Exit short,2026-07-05 17:00,stop,29937.25,2,119609,-143.2,-0.12,3.2,21.4,0.02,-141.6,-0.12,-293.2,-0.06,2
326,Entry short,2026-07-03 11:50,REV SR5 s62 k1 h15 f0 NY,29902.25,2,119609,-143.2,-0.12,3.2,21.4,0.02,-141.6,-0.12,-293.2,-0.06,2
327,Exit short,2026-07-06 09:05,stop,29953.5,2,119715,-102.2,-0.09,3.2,53.4,0.04,-100.6,-0.08,-395.4,-0.08,0
327,Entry short,2026-07-06 09:05,REV AH+NH+MNH+HOD s98 k3 h15 f1 NY,29928.75,2,119715,-102.2,-0.09,3.2,53.4,0.04,-100.6,-0.08,-395.4,-0.08,0
328,Exit long,2026-07-07 14:25,stop,29289.25,2,117248,-94.2,-0.08,3.2,65.4,0.06,-92.6,-0.08,-489.6,-0.10,0
328,Entry long,2026-07-07 14:25,REV PWL s52 k1 h15 f2 NY,29312,2,117248,-94.2,-0.08,3.2,65.4,0.06,-92.6,-0.08,-489.6,-0.10,0
329,Exit long,2026-07-08 09:25,stop,29289.5,2,117253,-98.2,-0.08,3.2,179.4,0.15,-96.6,-0.08,-587.8,-0.12,0
329,Entry long,2026-07-08 09:25,REV AL+PWL s66 k2 h15 f1 NY,29313.25,2,117253,-98.2,-0.08,3.2,179.4,0.15,-96.6,-0.08,-587.8,-0.12,0
330,Exit short,2026-07-08 09:50,stop,29233,2,116839,-96.2,-0.08,3.2,0,0.00,-94.6,-0.08,-684,-0.14,0
330,Entry short,2026-07-08 09:50,BRK PDL s60 k1 h6 NY,29209.75,2,116839,-96.2,-0.08,3.2,0,0.00,-94.6,-0.08,-684,-0.14,0
331,Exit long,2026-07-09 09:25,stop,29688,2,118845,-96.2,-0.08,3.2,0,0.00,-94.6,-0.08,-780.2,-0.16,0
331,Entry long,2026-07-09 09:25,REV MNL s73 k1 h15 f0 NY,29711.25,2,118845,-96.2,-0.08,3.2,0,0.00,-94.6,-0.08,-780.2,-0.16,0
332,Exit short,2026-07-09 14:55,stop,29921,2,119589,-98.2,-0.08,3.2,0,0.00,-96.6,-0.08,-878.4,-0.18,0
332,Entry short,2026-07-09 14:55,REV SR3 s60 k1 h15 f1 NY,29897.25,2,119589,-98.2,-0.08,3.2,0,0.00,-96.6,-0.08,-878.4,-0.18,0
333,Exit long,2026-07-10 09:30,stop,29884.5,2,119631,-96.2,-0.08,3.2,196.4,0.16,-94.6,-0.08,-974.6,-0.19,0
333,Entry long,2026-07-10 09:30,REV LH s66 k1 h15 f1 NY,29907.75,2,119631,-96.2,-0.08,3.2,196.4,0.16,-94.6,-0.08,-974.6,-0.19,0
334,Exit long,2026-07-10 09:40,stop,29857.75,2,119522,-94.2,-0.08,3.2,86.4,0.07,-92.6,-0.08,-1068.8,-0.21,0
334,Entry long,2026-07-10 09:40,REV NL+LOD+MNL s82 k2 h15 f1 NY,29880.5,2,119522,-94.2,-0.08,3.2,86.4,0.07,-92.6,-0.08,-1068.8,-0.21,0
335,Exit long,2026-07-13 09:25,T1,29697,2,118664,120.8,0.10,3.2,122.4,0.10,-63.6,-0.05,-948,-0.19,0
335,Entry long,2026-07-13 09:25,REV LL s73 k1 h15 f4 NY,29666,2,118664,120.8,0.10,3.2,122.4,0.10,-63.6,-0.05,-948,-0.19,0
336,Exit long,2026-07-13 09:35,stop,29679.5,2,118810,-95.2,-0.08,3.2,84.4,0.07,-93.6,-0.08,-1043.2,-0.21,1
336,Entry long,2026-07-13 09:30,REV SR3 s60 k1 h15 f3 NY,29702.5,2,118810,-95.2,-0.08,3.2,84.4,0.07,-93.6,-0.08,-1043.2,-0.21,1
337,Exit short,2026-07-13 09:50,stop,29699.5,2,118710,-91.2,-0.08,3.2,0,0.00,-89.6,-0.08,-1134.4,-0.23,1
337,Entry short,2026-07-13 09:45,BRK PDL+AL s65 k2 h12 NY,29677.5,2,118710,-91.2,-0.08,3.2,0,0.00,-89.6,-0.08,-1134.4,-0.23,1
338,Exit short,2026-07-14 09:20,stop,29686,2,118655,-92.2,-0.08,3.2,384.4,0.32,-90.6,-0.08,-1226.6,-0.25,1
338,Entry short,2026-07-14 09:15,REV SR3 s60 k1 h15 f0 NY,29663.75,2,118655,-92.2,-0.08,3.2,384.4,0.32,-90.6,-0.08,-1226.6,-0.25,1
339,Exit long,2026-07-14 09:25,T1,29697,2,118641,143.8,0.12,3.2,145.4,0.12,-89.6,-0.08,-1082.8,-0.22,0
339,Entry long,2026-07-14 09:25,REV SR3+NL s77 k2 h15 f1 NY,29660.25,2,118641,143.8,0.12,3.2,145.4,0.12,-89.6,-0.08,-1082.8,-0.22,0
340,Exit long,2026-07-14 09:40,stop,29748,2,119083,-94.2,-0.08,3.2,122.4,0.10,-92.6,-0.08,-1177,-0.24,1
340,Entry long,2026-07-14 09:35,REV LH s66 k1 h15 f1 NY,29770.75,2,119083,-94.2,-0.08,3.2,122.4,0.10,-92.6,-0.08,-1177,-0.24,1
341,Exit short,2026-07-15 09:15,stop,29827.5,2,119223,-90.2,-0.08,3.2,70.4,0.06,-88.6,-0.07,-1267.2,-0.25,0
341,Entry short,2026-07-15 09:15,REV LL s73 k1 h15 f1 NY,29805.75,2,119223,-90.2,-0.08,3.2,70.4,0.06,-88.6,-0.07,-1267.2,-0.25,0
342,Exit short,2026-07-15 09:25,stop,29694.75,2,118691,-91.2,-0.08,3.2,137.4,0.12,-89.6,-0.08,-1358.4,-0.27,0
342,Entry short,2026-07-15 09:25,REV AL s57 k1 h15 f2 NY,29672.75,2,118691,-91.2,-0.08,3.2,137.4,0.12,-89.6,-0.08,-1358.4,-0.27,0
343,Exit long,2026-07-17 11:00,stop,28888.5,2,115641,-90.2,-0.08,3.2,0,0.00,-88.6,-0.08,-1448.6,-0.29,0
343,Entry long,2026-07-17 11:00,BRK PWL s51 k1 h6 NY,28910.25,2,115641,-90.2,-0.08,3.2,0,0.00,-88.6,-0.08,-1448.6,-0.29,0
344,Exit short,2026-07-17 11:25,stop,28932,2,115641,-90.2,-0.08,3.2,0,0.00,-88.6,-0.08,-1538.8,-0.31,0
344,Entry short,2026-07-17 11:25,BRK PWL s59 k1 h12 NY,28910.25,2,115641,-90.2,-0.08,3.2,0,0.00,-88.6,-0.08,-1538.8,-0.31,0
345,Exit long,2026-07-20 09:45,stop,28946.25,2,115876,-94.2,-0.08,3.2,322.4,0.28,-92.6,-0.08,-1633,-0.33,4
345,Entry long,2026-07-20 09:25,REV LH s51 k1 h3 f0 NY,28969,2,115876,-94.2,-0.08,3.2,322.4,0.28,-92.6,-0.08,-1633,-0.33,4
346,Exit short,2026-07-20 10:05,stop,28986,2,115856,-91.2,-0.08,3.2,0,0.00,-89.6,-0.08,-1724.2,-0.34,0
346,Entry short,2026-07-20 10:05,BRK AH s54 k1 h12 NY,28964,2,115856,-91.2,-0.08,3.2,0,0.00,-89.6,-0.08,-1724.2,-0.34,0
347,Exit short,2026-07-21 09:10,stop,29101.25,2,116319,-89.2,-0.08,3.2,65.4,0.06,-87.6,-0.08,-1813.4,-0.36,0
347,Entry short,2026-07-21 09:10,REV PDH+MNH s88 k2 h15 f2 NY,29079.75,2,116319,-89.2,-0.08,3.2,65.4,0.06,-87.6,-0.08,-1813.4,-0.36,0
348,Exit long,2026-07-21 09:20,stop,29136.75,2,116632,-88.2,-0.08,3.2,59.4,0.05,-86.6,-0.07,-1901.6,-0.38,0
348,Entry long,2026-07-21 09:20,REV AH+LL s82 k2 h15 f1 NY,29158,2,116632,-88.2,-0.08,3.2,59.4,0.05,-86.6,-0.07,-1901.6,-0.38,0
349,Exit long,2026-07-22 09:50,stop,29203.25,2,116901,-91.2,-0.08,3.2,6.4,0.01,-89.6,-0.08,-1992.8,-0.40,0
349,Entry long,2026-07-22 09:50,REV LH s66 k1 h15 f1 NY,29225.25,2,116901,-91.2,-0.08,3.2,6.4,0.01,-89.6,-0.08,-1992.8,-0.40,0
350,Exit long,2026-07-23 09:05,stop,28728.25,2,114998,-88.2,-0.08,3.2,207.4,0.18,-86.6,-0.08,-2081,-0.42,0
350,Entry long,2026-07-23 09:05,REV MNL s77 k1 h15 f0 NY,28749.5,2,114998,-88.2,-0.08,3.2,207.4,0.18,-86.6,-0.08,-2081,-0.42,0
351,Exit short,2026-07-24 09:35,T1,28299,2,113633,433.8,0.38,3.2,435.4,0.38,-64.6,-0.06,-1647.2,-0.33,3
351,Entry short,2026-07-24 09:20,BRK PWL s59 k1 h12 NY,28408.25,2,113633,433.8,0.38,3.2,435.4,0.38,-64.6,-0.06,-1647.2,-0.33,3
352,Exit long,2026-07-24 10:05,stop,28387.25,2,113633,-87.2,-0.08,3.2,61.4,0.05,-85.6,-0.08,-1734.4,-0.35,1
352,Entry long,2026-07-24 10:00,BRK PWL s59 k1 h12 NY,28408.25,2,113633,-87.2,-0.08,3.2,61.4,0.05,-85.6,-0.08,-1734.4,-0.35,1
353,Exit short,2026-07-27 15:55,flat,28193.75,2,112850,71.8,0.06,3.2,171.4,0.15,-75.6,-0.07,-1662.6,-0.33,11
353,Entry short,2026-07-27 15:00,BRK PDL+PWL s60 k2 h6 NY,28212.5,2,112850,71.8,0.06,3.2,171.4,0.15,-75.6,-0.07,-1662.6,-0.33,11
354,Exit long,2026-07-28 14:05,stop,27995,2,112064,-87.2,-0.08,3.2,21.4,0.02,-85.6,-0.08,-1749.8,-0.35,0
354,Entry long,2026-07-28 14:05,REV AL+PDL+MNL s95 k3 h15 f1 NY,28016,2,112064,-87.2,-0.08,3.2,21.4,0.02,-85.6,-0.08,-1749.8,-0.35,0
355,Exit long,2026-07-28 14:55,stop,27961.25,2,111930,-88.2,-0.08,3.2,0,0.00,-86.6,-0.08,-1838,-0.37,0
355,Entry long,2026-07-28 14:55,REV AL+PDL+MNL s95 k3 h15 f2 NY,27982.5,2,111930,-88.2,-0.08,3.2,0,0.00,-86.6,-0.08,-1838,-0.37,0
356,Exit long,2026-07-29 09:05,stop,27766.25,2,111153,-91.2,-0.08,3.2,153.4,0.14,-89.6,-0.08,-1929.2,-0.39,0
356,Entry long,2026-07-29 09:05,REV AL s55 k1 h15 f1 NY,27788.25,2,111153,-91.2,-0.08,3.2,153.4,0.14,-89.6,-0.08,-1929.2,-0.39,0
357,Exit short,2026-07-29 09:30,stop,27593.5,2,110286,-91.2,-0.08,3.2,16.4,0.01,-89.6,-0.08,-2020.4,-0.40,0
357,Entry short,2026-07-29 09:30,REV AL s55 k1 h15 f1 NY,27571.5,2,110286,-91.2,-0.08,3.2,16.4,0.01,-89.6,-0.08,-2020.4,-0.40,0
358,Exit long,2026-07-30 09:45,stop,28155.75,2,112709,-89.2,-0.08,3.2,73.4,0.07,-87.6,-0.08,-2109.6,-0.42,1
358,Entry long,2026-07-30 09:40,BRK PDH s59 k1 h12 NY,28177.25,2,112709,-89.2,-0.08,3.2,73.4,0.07,-87.6,-0.08,-2109.6,-0.42,1
359,Exit long,2026-07-30 12:30,stop,28155.75,2,112709,-89.2,-0.08,3.2,27.4,0.02,-87.6,-0.08,-2198.8,-0.44,1
359,Entry long,2026-07-30 12:25,BRK PDH s51 k1 h6 NY,28177.25,2,112709,-89.2,-0.08,3.2,27.4,0.02,-87.6,-0.08,-2198.8,-0.44,1
360,Exit short,2026-07-31 09:20,stop,28235.25,2,112850,-94.2,-0.08,3.2,234.4,0.21,-92.6,-0.08,-2293,-0.46,1
360,Entry short,2026-07-31 09:15,BRK PWL s62 k1 h12 NY,28212.5,2,112850,-94.2,-0.08,3.2,234.4,0.21,-92.6,-0.08,-2293,-0.46,1
361,Exit long,2026-07-31 09:25,stop,28173,2,112779,-90.2,-0.08,3.2,0,0.00,-88.6,-0.08,-2383.2,-0.48,0
361,Entry long,2026-07-31 09:25,REV NL+LOD+SR3 s77 k2 h15 f1 NY,28194.75,2,112779,-90.2,-0.08,3.2,0,0.00,-88.6,-0.08,-2383.2,-0.48,0
362,Exit short,2026-08-03 10:40,stop,28786.25,2,115055,-93.2,-0.08,3.2,75.4,0.07,-91.6,-0.08,-2476.4,-0.50,2
362,Entry short,2026-08-03 10:30,BRK PWH s66 k1 h6 NY,28763.75,2,115055,-93.2,-0.08,3.2,75.4,0.07,-91.6,-0.08,-2476.4,-0.50,2
363,Exit long,2026-08-05 09:10,stop,29980,2,120016,-99.2,-0.08,3.2,66.4,0.06,-97.6,-0.08,-2575.6,-0.52,0
363,Entry long,2026-08-05 09:10,REV PDH s52 k1 h15 f0 NY,30004,2,120016,-99.2,-0.08,3.2,66.4,0.06,-97.6,-0.08,-2575.6,-0.52,0
364,Exit short,2026-08-05 09:55,stop,29846.75,2,119291,-99.2,-0.08,3.2,84.4,0.07,-97.6,-0.08,-2674.8,-0.53,0
364,Entry short,2026-08-05 09:55,REV AH s57 k1 h15 f0 NY,29822.75,2,119291,-99.2,-0.08,3.2,84.4,0.07,-97.6,-0.08,-2674.8,-0.53,0
365,Exit short,2026-08-06 09:35,stop,29643.75,2,118484,-94.2,-0.08,3.2,0,0.00,-92.6,-0.08,-2769,-0.55,1
365,Entry short,2026-08-06 09:30,BRK AH s56 k1 h12 NY,29621,2,118484,-94.2,-0.08,3.2,0,0.00,-92.6,-0.08,-2769,-0.55,1
366,Exit long,2026-08-06 10:15,stop,29598.25,2,118484,-94.2,-0.08,3.2,0,0.00,-92.6,-0.08,-2863.2,-0.57,0
366,Entry long,2026-08-06 10:15,BRK AH s54 k1 h12 NY,29621,2,118484,-94.2,-0.08,3.2,0,0.00,-92.6,-0.08,-2863.2,-0.57,0
367,Exit long,2026-08-07 09:40,stop,29664,2,118745,-92.2,-0.08,3.2,0,0.00,-90.6,-0.08,-2955.4,-0.59,1
367,Entry long,2026-08-07 09:35,BRK PDH s51 k1 h6 NY,29686.25,2,118745,-92.2,-0.08,3.2,0,0.00,-90.6,-0.08,-2955.4,-0.59,1
368,Exit long,2026-08-07 12:00,stop,29730,2,119011,-94.2,-0.08,3.2,110.4,0.09,-92.6,-0.08,-3049.6,-0.61,4
368,Entry long,2026-08-07 11:40,REV PDH s52 k1 h15 f1 NY,29752.75,2,119011,-94.2,-0.08,3.2,110.4,0.09,-92.6,-0.08,-3049.6,-0.61,4
369,Exit short,2026-08-10 09:25,stop,29859,2,119352,-87.2,-0.07,3.2,0,0.00,-85.6,-0.07,-3136.8,-0.63,0
369,Entry short,2026-08-10 09:25,REV LL+NH s82 k2 h15 f1 NY,29838,2,119352,-87.2,-0.07,3.2,0,0.00,-85.6,-0.07,-3136.8,-0.63,0
370,Exit short,2026-08-10 15:55,flat,29769.5,2,119103,21.8,0.02,3.2,210.4,0.18,-36.6,-0.03,-3115,-0.62,14
370,Entry short,2026-08-10 14:45,REV AL s57 k1 h15 f1 NY,29775.75,2,119103,21.8,0.02,3.2,210.4,0.18,-36.6,-0.03,-3115,-0.62,14
371,Exit long,2026-08-12 09:20,stop,29867,2,119548,-83.2,-0.07,3.2,123.4,0.10,-81.6,-0.07,-3198.2,-0.64,2
371,Entry long,2026-08-12 09:10,BRK SR3+PDH s52 k2 h6 NY,29887,2,119548,-83.2,-0.07,3.2,123.4,0.10,-81.6,-0.07,-3198.2,-0.64,2
372,Exit long,2026-08-12 09:50,stop,29867,2,119548,-83.2,-0.07,3.2,0,0.00,-81.6,-0.07,-3281.4,-0.66,0
372,Entry long,2026-08-12 09:50,BRK SR3+PDH s60 k2 h12 NY,29887,2,119548,-83.2,-0.07,3.2,0,0.00,-81.6,-0.07,-3281.4,-0.66,0
373,Exit short,2026-08-14 10:30,T1,30044.5,2,120293,111.8,0.09,3.2,113.4,0.09,-7.6,-0.01,-3169.6,-0.63,1
373,Entry short,2026-08-14 10:25,BRK PWH s73 k1 h12 NY,30073.25,2,120293,111.8,0.09,3.2,113.4,0.09,-7.6,-0.01,-3169.6,-0.63,1
374,Exit long,2026-08-17 09:15,stop,30206.5,2,120900,-77.2,-0.06,3.2,1.4,0.00,-75.6,-0.06,-3246.8,-0.65,0
374,Entry long,2026-08-17 09:15,REV AL s57 k1 h15 f1 NY,30225,2,120900,-77.2,-0.06,3.2,1.4,0.00,-75.6,-0.06,-3246.8,-0.65,0
375,Exit short,2026-08-17 15:55,flat,30073.75,2,120644,345.8,0.29,3.2,429.4,0.36,-14.6,-0.01,-2901,-0.58,45
375,Entry short,2026-08-17 12:10,REV AL s57 k1 h15 f1 NY,30161,2,120644,345.8,0.29,3.2,429.4,0.36,-14.6,-0.01,-2901,-0.58,45
376,Exit short,2026-08-19 09:25,stop,29432.5,2,117656,-77.2,-0.07,3.2,75.4,0.06,-75.6,-0.06,-2978.2,-0.60,0
376,Entry short,2026-08-19 09:25,REV LL+AL s65 k2 h3 f1 NY,29414,2,117656,-77.2,-0.07,3.2,75.4,0.06,-75.6,-0.06,-2978.2,-0.60,0
377,Exit long,2026-08-19 09:55,T1,29609.75,2,118134,301.8,0.26,3.2,303.4,0.26,-27.6,-0.02,-2676.4,-0.54,2
377,Entry long,2026-08-19 09:45,BRK PWL s59 k1 h12 NY,29533.5,2,118134,301.8,0.26,3.2,303.4,0.26,-27.6,-0.02,-2676.4,-0.54,2
378,Exit short,2026-08-19 13:15,T1,29514,2,118134,74.8,0.06,3.2,76.4,0.06,-30.6,-0.03,-2601.6,-0.52,1
378,Entry short,2026-08-19 13:10,BRK PWL s51 k1 h6 NY,29533.5,2,118134,74.8,0.06,3.2,76.4,0.06,-30.6,-0.03,-2601.6,-0.52,1
379,Exit long,2026-08-20 09:25,stop,29358.5,2,117503,-72.2,-0.06,3.2,0,0.00,-70.6,-0.06,-2673.8,-0.53,0
379,Entry long,2026-08-20 09:25,BRK PDL s60 k1 h6 NY,29375.75,2,117503,-72.2,-0.06,3.2,0,0.00,-70.6,-0.06,-2673.8,-0.53,0
380,Exit long,2026-08-20 10:05,stop,29358.5,2,117503,-72.2,-0.06,3.2,0,0.00,-70.6,-0.06,-2746,-0.55,0
380,Entry long,2026-08-20 10:05,BRK PDL s60 k1 h6 NY,29375.75,2,117503,-72.2,-0.06,3.2,0,0.00,-70.6,-0.06,-2746,-0.55,0
381,Exit long,2026-08-21 09:10,stop,29295,2,117252,-75.2,-0.06,3.2,60.4,0.05,-73.6,-0.06,-2821.2,-0.56,0
381,Entry long,2026-08-21 09:10,REV AL s57 k1 h15 f2 NY,29313,2,117252,-75.2,-0.06,3.2,60.4,0.05,-73.6,-0.06,-2821.2,-0.56,0
382,Exit short,2026-08-24 12:55,T1,29116.75,2,116666,195.8,0.17,3.2,197.4,0.17,-15.6,-0.01,-2625.4,-0.53,7
382,Entry short,2026-08-24 12:20,REV PWL s52 k1 h15 f2 NY,29166.5,2,116666,195.8,0.17,3.2,197.4,0.17,-15.6,-0.01,-2625.4,-0.53,7
383,Exit long,2026-08-24 13:20,T1,29202.5,2,116595,211.8,0.18,3.2,213.4,0.18,-14.6,-0.01,-2413.6,-0.48,3
383,Entry long,2026-08-24 13:05,REV LL s71 k1 h15 f1 NY,29148.75,2,116595,211.8,0.18,3.2,213.4,0.18,-14.6,-0.01,-2413.6,-0.48,3
384,Exit short,2026-08-24 14:50,T1,29116.75,2,116745,274.8,0.24,3.2,276.4,0.24,-43.6,-0.04,-2138.8,-0.43,14
384,Entry short,2026-08-24 13:40,REV PDL+SR3 s66 k2 h15 f1 NY,29186.25,2,116745,274.8,0.24,3.2,276.4,0.24,-43.6,-0.04,-2138.8,-0.43,14
385,Exit long,2026-08-25 14:15,stop,29225.25,2,116970,-72.2,-0.06,3.2,127.4,0.11,-70.6,-0.06,-2211,-0.44,8
385,Entry long,2026-08-25 13:35,REV PWL+LL s79 k2 h15 f2 NY,29242.5,2,116970,-72.2,-0.06,3.2,127.4,0.11,-70.6,-0.06,-2211,-0.44,8
386,Exit long,2026-08-25 15:55,flat,29284,2,116938,194.8,0.17,3.2,313.4,0.27,-23.6,-0.02,-2016.2,-0.40,15
386,Entry long,2026-08-25 14:40,REV PWL+LL s79 k2 h15 f3 NY,29234.5,2,116938,194.8,0.17,3.2,313.4,0.27,-23.6,-0.02,-2016.2,-0.40,15
387,Exit short,2026-08-26 09:35,T1,29186.25,2,116810,61.8,0.05,3.2,63.4,0.05,-10.6,-0.01,-1954.4,-0.39,1
387,Entry short,2026-08-26 09:30,BRK PWL s51 k1 h6 NY,29202.5,2,116810,61.8,0.05,3.2,63.4,0.05,-10.6,-0.01,-1954.4,-0.39,1
388,Exit short,2026-08-26 11:55,stop,29219,2,116810,-69.2,-0.06,3.2,0,0.00,-67.6,-0.06,-2023.6,-0.40,0
388,Entry short,2026-08-26 11:55,BRK PWL s51 k1 h6 NY,29202.5,2,116810,-69.2,-0.06,3.2,0,0.00,-67.6,-0.06,-2023.6,-0.40,0
389,Exit long,2026-08-27 09:05,stop,29520.25,2,118146,-68.2,-0.06,3.2,84.4,0.07,-66.6,-0.06,-2091.8,-0.42,0
389,Entry long,2026-08-27 09:05,REV MNH s79 k1 h15 f1 NY,29536.5,2,118146,-68.2,-0.06,3.2,84.4,0.07,-66.6,-0.06,-2091.8,-0.42,0
390,Exit short,2026-08-27 14:50,stop,29654.5,2,118553,-68.2,-0.06,3.2,445.4,0.38,-66.6,-0.06,-2160,-0.43,27
390,Entry short,2026-08-27 12:35,REV SR4+NH+HOD s71 k2 h6 f0 NY,29638.25,2,118553,-68.2,-0.06,3.2,445.4,0.38,-66.6,-0.06,-2160,-0.43,27
391,Exit short,2026-08-28 09:05,T1,29593.5,2,118516,138.8,0.12,3.2,140.4,0.12,-13.6,-0.01,-2021.2,-0.40,0
391,Entry short,2026-08-28 09:05,REV SR4 s60 k1 h15 f2 NY,29629,2,118516,138.8,0.12,3.2,140.4,0.12,-13.6,-0.01,-2021.2,-0.40,0
392,Exit short,2026-08-28 09:10,stop,29597.75,2,118325,-69.2,-0.06,3.2,0,0.00,-67.6,-0.06,-2090.4,-0.42,0
392,Entry short,2026-08-28 09:10,REV AH+PDH+NH+HOD s91 k3 h15 f2 NY,29581.25,2,118325,-69.2,-0.06,3.2,0,0.00,-67.6,-0.06,-2090.4,-0.42,0
393,Exit long,2026-08-28 15:55,flat,29517,2,117969,95.8,0.08,3.2,105.4,0.09,-58.6,-0.05,-1994.6,-0.40,12
393,Entry long,2026-08-28 14:55,REV MNH s65 k1 h3 f2 NY,29492.25,2,117969,95.8,0.08,3.2,105.4,0.09,-58.6,-0.05,-1994.6,-0.40,12
394,Exit short,2026-08-31 09:05,T1,29399,2,117679,79.8,0.07,3.2,81.4,0.07,-16.6,-0.01,-1914.8,-0.38,0
394,Entry short,2026-08-31 09:05,BRK SR3 s54 k1 h12 NY,29419.75,2,117679,79.8,0.07,3.2,81.4,0.07,-16.6,-0.01,-1914.8,-0.38,0
395,Exit short,2026-08-31 09:35,stop,29414.5,2,117596,-65.2,-0.06,3.2,0,0.00,-63.6,-0.05,-1980,-0.40,0
395,Entry short,2026-08-31 09:35,BRK AH s56 k1 h12 NY,29399,2,117596,-65.2,-0.06,3.2,0,0.00,-63.6,-0.05,-1980,-0.40,0
396,Exit short,2026-08-31 09:55,stop,29435.25,2,117679,-65.2,-0.06,3.2,0,0.00,-63.6,-0.05,-2045.2,-0.41,0
396,Entry short,2026-08-31 09:55,BRK SR3 s54 k1 h12 NY,29419.75,2,117679,-65.2,-0.06,3.2,0,0.00,-63.6,-0.05,-2045.2,-0.41,0
397,Exit short,2026-09-01 13:40,T1,29040,2,116779,615.8,0.53,3.2,617.4,0.53,-33.6,-0.03,-1429.4,-0.29,27
397,Entry short,2026-09-01 11:25,REV LL s56 k1 h3 f0 NY,29194.75,2,116779,615.8,0.53,3.2,617.4,0.53,-33.6,-0.03,-1429.4,-0.29,27
398,Exit long,2026-09-02 09:10,T1,29119,2,116386,86.8,0.07,3.2,88.4,0.08,-40.6,-0.03,-1342.6,-0.27,0
398,Entry long,2026-09-02 09:10,REV AL s57 k1 h15 f2 NY,29096.5,2,116386,86.8,0.07,3.2,88.4,0.08,-40.6,-0.03,-1342.6,-0.27,0
399,Exit long,2026-09-02 09:25,T1,29188.5,2,116695,55.8,0.05,3.2,57.4,0.05,-55.6,-0.05,-1286.8,-0.26,0
399,Entry long,2026-09-02 09:25,REV LH s51 k1 h3 f0 NY,29173.75,2,116695,55.8,0.05,3.2,57.4,0.05,-55.6,-0.05,-1286.8,-0.26,0
400,Exit short,2026-09-02 10:55,stop,29186.5,2,116685,-64.2,-0.06,3.2,0,0.00,-62.6,-0.05,-1351,-0.27,0
400,Entry short,2026-09-02 10:55,BRK AH s56 k1 h12 NY,29171.25,2,116685,-64.2,-0.06,3.2,0,0.00,-62.6,-0.05,-1351,-0.27,0
401,Exit long,2026-09-03 09:15,T1,29335.75,2,117206,133.8,0.11,3.2,135.4,0.12,-25.6,-0.02,-1217.2,-0.24,0
401,Entry long,2026-09-03 09:15,REV AH s55 k1 h15 f1 NY,29301.5,2,117206,133.8,0.11,3.2,135.4,0.12,-25.6,-0.02,-1217.2,-0.24,0
402,Exit short,2026-09-03 09:55,stop,29350.5,2,117343,-62.2,-0.05,3.2,0,0.00,-60.6,-0.05,-1279.4,-0.26,0
402,Entry short,2026-09-03 09:55,BRK SR3 s51 k1 h12 NY,29335.75,2,117343,-62.2,-0.05,3.2,0,0.00,-60.6,-0.05,-1279.4,-0.26,0
403,Exit long,2026-09-03 10:05,stop,29422,2,117749,-64.2,-0.05,3.2,32.4,0.03,-62.6,-0.05,-1343.6,-0.27,0
403,Entry long,2026-09-03 10:05,REV MNL s77 k1 h15 f2 NY,29437.25,2,117749,-64.2,-0.05,3.2,32.4,0.03,-62.6,-0.05,-1343.6,-0.27,0
404,Exit long,2026-09-04 09:30,stop,29581,2,118386,-65.2,-0.06,3.2,5.4,0.00,-63.6,-0.05,-1408.8,-0.28,0
404,Entry long,2026-09-04 09:30,REV LL+AH s79 k2 h15 f2 NY,29596.5,2,118386,-65.2,-0.06,3.2,5.4,0.00,-63.6,-0.05,-1408.8,-0.28,0
405,Exit short,2026-09-04 09:40,T1,29554.5,2,118340,118.8,0.10,3.2,120.4,0.10,-21.6,-0.02,-1290,-0.26,1
405,Entry short,2026-09-04 09:35,BRK PDH s62 k1 h12 NY,29585,2,118340,118.8,0.10,3.2,120.4,0.10,-21.6,-0.02,-1290,-0.26,1
406,Exit short,2026-09-08 09:05,T1,29468.25,2,117936,59.8,0.05,3.2,61.4,0.05,-33.6,-0.03,-1230.2,-0.25,0
406,Entry short,2026-09-08 09:05,REV MNL+SR5 s71 k2 h3 f2 NY,29484,2,117936,59.8,0.05,3.2,61.4,0.05,-33.6,-0.03,-1230.2,-0.25,0
407,Exit short,2026-09-08 09:10,T1,29436.25,2,117873,124.8,0.11,3.2,126.4,0.11,-47.6,-0.04,-1105.4,-0.22,0
407,Entry short,2026-09-08 09:10,BRK PDL s60 k1 h6 NY,29468.25,2,117873,124.8,0.11,3.2,126.4,0.11,-47.6,-0.04,-1105.4,-0.22,0
408,Exit long,2026-09-08 11:55,stop,29581,2,118386,-65.2,-0.06,3.2,10.4,0.01,-63.6,-0.05,-1170.6,-0.23,0
408,Entry long,2026-09-08 11:55,REV AL s57 k1 h15 f0 NY,29596.5,2,118386,-65.2,-0.06,3.2,10.4,0.01,-63.6,-0.05,-1170.6,-0.23,0
409,Exit short,2026-09-08 13:55,stop,29585.75,2,118285,-61.2,-0.05,3.2,3.4,0.00,-59.6,-0.05,-1231.8,-0.25,1
409,Entry short,2026-09-08 13:50,BRK AL s54 k1 h12 NY,29571.25,2,118285,-61.2,-0.05,3.2,3.4,0.00,-59.6,-0.05,-1231.8,-0.25,1
410,Exit short,2026-09-09 09:25,stop,29513.25,2,117996,-60.2,-0.05,3.2,0,0.00,-58.6,-0.05,-1292,-0.26,0
410,Entry short,2026-09-09 09:25,BRK AL s51 k1 h12 NY,29499,2,117996,-60.2,-0.05,3.2,0,0.00,-58.6,-0.05,-1292,-0.26,0
411,Exit short,2026-09-09 10:10,T1,29424.5,2,117764,62.8,0.05,3.2,64.4,0.05,-29.6,-0.03,-1229.2,-0.25,0
411,Entry short,2026-09-09 10:10,REV MNL+SR5+LL s95 k3 h15 f1 NY,29441,2,117764,62.8,0.05,3.2,64.4,0.05,-29.6,-0.03,-1229.2,-0.25,0
412,Exit short,2026-09-09 10:15,stop,29413.25,2,117592,-64.2,-0.05,3.2,26.4,0.02,-62.6,-0.05,-1293.4,-0.26,0
412,Entry short,2026-09-09 10:15,REV AL s60 k1 h15 f0 NY,29398,2,117592,-64.2,-0.05,3.2,26.4,0.02,-62.6,-0.05,-1293.4,-0.26,0
413,Exit long,2026-09-14 09:20,stop,29024,2,116152,-59.2,-0.05,3.2,33.4,0.03,-57.6,-0.05,-1352.6,-0.27,1
413,Entry long,2026-09-14 09:15,BRK LH+PDL+PWL s61 k3 h12 NY,29038,2,116152,-59.2,-0.05,3.2,33.4,0.03,-57.6,-0.05,-1352.6,-0.27,1
414,Exit short,2026-09-14 09:30,stop,29019.25,2,116019,-61.2,-0.05,3.2,106.4,0.09,-59.6,-0.05,-1413.8,-0.28,1
414,Entry short,2026-09-14 09:25,REV AH+NH s82 k2 h15 f0 NY,29004.75,2,116019,-61.2,-0.05,3.2,106.4,0.09,-59.6,-0.05,-1413.8,-0.28,1
415,Exit long,2026-09-15 15:55,flat,29281.75,2,117009,114.8,0.10,3.2,153.4,0.13,-9.6,-0.01,-1299,-0.26,11
415,Entry long,2026-09-15 15:00,REV LL s71 k1 h15 f1 NY,29252.25,2,117009,114.8,0.10,3.2,153.4,0.13,-9.6,-0.01,-1299,-0.26,11
416,Exit long,2026-09-16 10:10,stop,29514.5,2,118119,-64.2,-0.05,3.2,15.4,0.01,-62.6,-0.05,-1363.2,-0.27,0
416,Entry long,2026-09-16 10:10,REV PDH+SR5 s51 k2 h3 f2 NY,29529.75,2,118119,-64.2,-0.05,3.2,15.4,0.01,-62.6,-0.05,-1363.2,-0.27,0
417,Exit long,2026-09-16 13:45,stop,29425,2,117760,-63.2,-0.05,3.2,133.4,0.11,-61.6,-0.05,-1426.4,-0.29,0
417,Entry long,2026-09-16 13:45,REV NL+MNH s88 k2 h15 f1 NY,29440,2,117760,-63.2,-0.05,3.2,133.4,0.11,-61.6,-0.05,-1426.4,-0.29,0